{"id":79,"seed":"d67389fb-da34-404f-97b8-444cdbbe1fe5","leader":"Fuvis","colour":1,"value":"0.723","drones":[{"seed":"d67389fb-da34-404f-97b8-444cdbbe1fe5","name":"Fuvis","weapon":3,"gimbal":2,"steering":5,"thruster":1,"chassis":3,"scanner":4,"colour":1,"skewMod":0,"skew":1,"value":"0.722","weaponNormal":"0.800","thrusterNormal":"0.400","steeringNormal":"1.000","chassisNormal":"0.800","gimbalNormal":"0.500","scannerNormal":"0.833"},{"seed":"d67389fb-da34-404f-97b8-444cdbbe1fe5","name":"Tonerth","weapon":4,"gimbal":0,"steering":2,"thruster":3,"chassis":4,"scanner":4,"colour":1,"skewMod":0,"skew":1,"value":"0.717","weaponNormal":"1.000","thrusterNormal":"0.800","steeringNormal":"0.500","chassisNormal":"1.000","gimbalNormal":"0.167","scannerNormal":"0.833"},{"seed":"d67389fb-da34-404f-97b8-444cdbbe1fe5","name":"Votov","weapon":3,"gimbal":3,"steering":3,"thruster":3,"chassis":1,"scanner":0,"colour":1,"skewMod":0,"skew":1,"value":"0.584","weaponNormal":"0.800","thrusterNormal":"0.800","steeringNormal":"0.667","chassisNormal":"0.400","gimbalNormal":"0.667","scannerNormal":"0.167"},{"seed":"d67389fb-da34-404f-97b8-444cdbbe1fe5","name":"Narilia v49.71","weapon":3,"gimbal":1,"steering":0,"thruster":0,"chassis":4,"scanner":5,"colour":1,"skewMod":0,"skew":1,"value":"0.583","weaponNormal":"0.800","thrusterNormal":"0.200","steeringNormal":"0.167","chassisNormal":"1.000","gimbalNormal":"0.333","scannerNormal":"1.000"},{"seed":"d67389fb-da34-404f-97b8-444cdbbe1fe5","name":"Qanus","weapon":0,"gimbal":0,"steering":4,"thruster":3,"chassis":4,"scanner":2,"colour":1,"skewMod":0,"skew":1,"value":"0.583","weaponNormal":"0.200","thrusterNormal":"0.800","steeringNormal":"0.833","chassisNormal":"1.000","gimbalNormal":"0.167","scannerNormal":"0.500"},{"seed":"d67389fb-da34-404f-97b8-444cdbbe1fe5","name":"Wetune","weapon":2,"gimbal":0,"steering":4,"thruster":0,"chassis":2,"scanner":0,"colour":1,"skewMod":0,"skew":1,"value":"0.428","weaponNormal":"0.600","thrusterNormal":"0.200","steeringNormal":"0.833","chassisNormal":"0.600","gimbalNormal":"0.167","scannerNormal":"0.167"}]}