{"id":95,"seed":"84e3160e-c410-4f6b-8315-92b0cd3d56d5","leader":"Gustea","colour":1,"value":"0.664","drones":[{"seed":"84e3160e-c410-4f6b-8315-92b0cd3d56d5","name":"Gustea","weapon":2,"gimbal":0,"steering":2,"thruster":3,"chassis":4,"scanner":3,"colour":1,"skewMod":0,"skew":1,"value":"0.622","weaponNormal":"0.600","thrusterNormal":"0.800","steeringNormal":"0.500","chassisNormal":"1.000","gimbalNormal":"0.167","scannerNormal":"0.667"},{"seed":"84e3160e-c410-4f6b-8315-92b0cd3d56d5","name":"Vezuno","weapon":3,"gimbal":0,"steering":2,"thruster":2,"chassis":2,"scanner":5,"colour":1,"skewMod":0,"skew":1,"value":"0.611","weaponNormal":"0.800","thrusterNormal":"0.600","steeringNormal":"0.500","chassisNormal":"0.600","gimbalNormal":"0.167","scannerNormal":"1.000"},{"seed":"84e3160e-c410-4f6b-8315-92b0cd3d56d5","name":"Kutune Mk VIII","weapon":3,"gimbal":0,"steering":2,"thruster":4,"chassis":2,"scanner":2,"colour":1,"skewMod":0,"skew":1,"value":"0.594","weaponNormal":"0.800","thrusterNormal":"1.000","steeringNormal":"0.500","chassisNormal":"0.600","gimbalNormal":"0.167","scannerNormal":"0.500"},{"seed":"84e3160e-c410-4f6b-8315-92b0cd3d56d5","name":"Talea Mk XLVI","weapon":0,"gimbal":3,"steering":3,"thruster":4,"chassis":3,"scanner":0,"colour":1,"skewMod":0,"skew":1,"value":"0.583","weaponNormal":"0.200","thrusterNormal":"1.000","steeringNormal":"0.667","chassisNormal":"0.800","gimbalNormal":"0.667","scannerNormal":"0.167"},{"seed":"84e3160e-c410-4f6b-8315-92b0cd3d56d5","name":"Nayama","weapon":4,"gimbal":3,"steering":4,"thruster":0,"chassis":1,"scanner":1,"colour":1,"skewMod":0,"skew":1,"value":"0.572","weaponNormal":"1.000","thrusterNormal":"0.200","steeringNormal":"0.833","chassisNormal":"0.400","gimbalNormal":"0.667","scannerNormal":"0.333"},{"seed":"84e3160e-c410-4f6b-8315-92b0cd3d56d5","name":"Legawa","weapon":3,"gimbal":0,"steering":1,"thruster":0,"chassis":0,"scanner":1,"colour":1,"skewMod":0,"skew":1,"value":"0.339","weaponNormal":"0.800","thrusterNormal":"0.200","steeringNormal":"0.333","chassisNormal":"0.200","gimbalNormal":"0.167","scannerNormal":"0.333"}]}