{"id":72,"seed":"1201ef96-8e55-49cb-b14a-b199f5eadceb","leader":"Kohines Mk VII","colour":2,"value":"0.664","drones":[{"seed":"1201ef96-8e55-49cb-b14a-b199f5eadceb","name":"Kohines Mk VII","weapon":4,"gimbal":1,"steering":5,"thruster":2,"chassis":2,"scanner":0,"colour":2,"skewMod":0,"skew":1,"value":"0.617","weaponNormal":"1.000","thrusterNormal":"0.600","steeringNormal":"1.000","chassisNormal":"0.600","gimbalNormal":"0.333","scannerNormal":"0.167"},{"seed":"1201ef96-8e55-49cb-b14a-b199f5eadceb","name":"Lolia","weapon":4,"gimbal":3,"steering":2,"thruster":2,"chassis":1,"scanner":2,"colour":2,"skewMod":0,"skew":1,"value":"0.611","weaponNormal":"1.000","thrusterNormal":"0.600","steeringNormal":"0.500","chassisNormal":"0.400","gimbalNormal":"0.667","scannerNormal":"0.500"},{"seed":"1201ef96-8e55-49cb-b14a-b199f5eadceb","name":"Yelia","weapon":3,"gimbal":1,"steering":5,"thruster":1,"chassis":0,"scanner":3,"colour":2,"skewMod":0,"skew":1,"value":"0.567","weaponNormal":"0.800","thrusterNormal":"0.400","steeringNormal":"1.000","chassisNormal":"0.200","gimbalNormal":"0.333","scannerNormal":"0.667"},{"seed":"1201ef96-8e55-49cb-b14a-b199f5eadceb","name":"Yaclite","weapon":4,"gimbal":4,"steering":0,"thruster":2,"chassis":1,"scanner":0,"colour":2,"skewMod":0,"skew":1,"value":"0.528","weaponNormal":"1.000","thrusterNormal":"0.600","steeringNormal":"0.167","chassisNormal":"0.400","gimbalNormal":"0.833","scannerNormal":"0.167"},{"seed":"1201ef96-8e55-49cb-b14a-b199f5eadceb","name":"Qulea","weapon":3,"gimbal":1,"steering":5,"thruster":0,"chassis":2,"scanner":0,"colour":2,"skewMod":0,"skew":1,"value":"0.517","weaponNormal":"0.800","thrusterNormal":"0.200","steeringNormal":"1.000","chassisNormal":"0.600","gimbalNormal":"0.333","scannerNormal":"0.167"},{"seed":"1201ef96-8e55-49cb-b14a-b199f5eadceb","name":"Zenov","weapon":4,"gimbal":0,"steering":0,"thruster":0,"chassis":4,"scanner":1,"colour":2,"skewMod":0,"skew":1,"value":"0.478","weaponNormal":"1.000","thrusterNormal":"0.200","steeringNormal":"0.167","chassisNormal":"1.000","gimbalNormal":"0.167","scannerNormal":"0.333"}]}