{"id":5,"seed":"695b6b9a-9c8c-49be-b7cd-beafa00c8e3a","leader":"Teter","colour":1,"value":"0.642","drones":[{"seed":"695b6b9a-9c8c-49be-b7cd-beafa00c8e3a","name":"Teter","weapon":1,"gimbal":0,"steering":1,"thruster":2,"chassis":4,"scanner":5,"colour":1,"skewMod":0,"skew":1,"value":"0.583","weaponNormal":"0.400","thrusterNormal":"0.600","steeringNormal":"0.333","chassisNormal":"1.000","gimbalNormal":"0.167","scannerNormal":"1.000"},{"seed":"695b6b9a-9c8c-49be-b7cd-beafa00c8e3a","name":"Ruter Mk IX","weapon":1,"gimbal":2,"steering":2,"thruster":1,"chassis":4,"scanner":3,"colour":1,"skewMod":0,"skew":1,"value":"0.578","weaponNormal":"0.400","thrusterNormal":"0.400","steeringNormal":"0.500","chassisNormal":"1.000","gimbalNormal":"0.500","scannerNormal":"0.667"},{"seed":"695b6b9a-9c8c-49be-b7cd-beafa00c8e3a","name":"Tostea","weapon":3,"gimbal":4,"steering":4,"thruster":1,"chassis":1,"scanner":0,"colour":1,"skewMod":0,"skew":1,"value":"0.572","weaponNormal":"0.800","thrusterNormal":"0.400","steeringNormal":"0.833","chassisNormal":"0.400","gimbalNormal":"0.833","scannerNormal":"0.167"},{"seed":"695b6b9a-9c8c-49be-b7cd-beafa00c8e3a","name":"Rulea v43.40","weapon":1,"gimbal":1,"steering":5,"thruster":2,"chassis":1,"scanner":1,"colour":1,"skewMod":0,"skew":1,"value":"0.511","weaponNormal":"0.400","thrusterNormal":"0.600","steeringNormal":"1.000","chassisNormal":"0.400","gimbalNormal":"0.333","scannerNormal":"0.333"},{"seed":"695b6b9a-9c8c-49be-b7cd-beafa00c8e3a","name":"Hotune","weapon":0,"gimbal":1,"steering":5,"thruster":0,"chassis":2,"scanner":3,"colour":1,"skewMod":0,"skew":1,"value":"0.500","weaponNormal":"0.200","thrusterNormal":"0.200","steeringNormal":"1.000","chassisNormal":"0.600","gimbalNormal":"0.333","scannerNormal":"0.667"},{"seed":"695b6b9a-9c8c-49be-b7cd-beafa00c8e3a","name":"Toyama","weapon":0,"gimbal":2,"steering":3,"thruster":1,"chassis":0,"scanner":4,"colour":1,"skewMod":0,"skew":1,"value":"0.467","weaponNormal":"0.200","thrusterNormal":"0.400","steeringNormal":"0.667","chassisNormal":"0.200","gimbalNormal":"0.500","scannerNormal":"0.833"}]}