{"id":53,"seed":"ee35e552-984b-489b-a25d-ecc293541893","leader":"Sonus","colour":4,"value":"0.746","drones":[{"seed":"ee35e552-984b-489b-a25d-ecc293541893","name":"Sonus","weapon":4,"gimbal":3,"steering":3,"thruster":4,"chassis":4,"scanner":4,"colour":4,"skewMod":0,"skew":1,"value":"0.861","weaponNormal":"1.000","thrusterNormal":"1.000","steeringNormal":"0.667","chassisNormal":"1.000","gimbalNormal":"0.667","scannerNormal":"0.833"},{"seed":"ee35e552-984b-489b-a25d-ecc293541893","name":"Humia v2.33","weapon":3,"gimbal":4,"steering":0,"thruster":4,"chassis":2,"scanner":3,"colour":4,"skewMod":0,"skew":1,"value":"0.678","weaponNormal":"0.800","thrusterNormal":"1.000","steeringNormal":"0.167","chassisNormal":"0.600","gimbalNormal":"0.833","scannerNormal":"0.667"},{"seed":"ee35e552-984b-489b-a25d-ecc293541893","name":"Jazuno Mk XCII","weapon":3,"gimbal":2,"steering":4,"thruster":2,"chassis":1,"scanner":2,"colour":4,"skewMod":0,"skew":1,"value":"0.605","weaponNormal":"0.800","thrusterNormal":"0.600","steeringNormal":"0.833","chassisNormal":"0.400","gimbalNormal":"0.500","scannerNormal":"0.500"},{"seed":"ee35e552-984b-489b-a25d-ecc293541893","name":"Jaruta","weapon":3,"gimbal":3,"steering":3,"thruster":2,"chassis":0,"scanner":3,"colour":4,"skewMod":0,"skew":1,"value":"0.600","weaponNormal":"0.800","thrusterNormal":"0.600","steeringNormal":"0.667","chassisNormal":"0.200","gimbalNormal":"0.667","scannerNormal":"0.667"},{"seed":"ee35e552-984b-489b-a25d-ecc293541893","name":"Vastea","weapon":2,"gimbal":0,"steering":1,"thruster":2,"chassis":4,"scanner":1,"colour":4,"skewMod":0,"skew":1,"value":"0.505","weaponNormal":"0.600","thrusterNormal":"0.600","steeringNormal":"0.333","chassisNormal":"1.000","gimbalNormal":"0.167","scannerNormal":"0.333"},{"seed":"ee35e552-984b-489b-a25d-ecc293541893","name":"Gonia","weapon":0,"gimbal":0,"steering":1,"thruster":2,"chassis":2,"scanner":5,"colour":4,"skewMod":0,"skew":1,"value":"0.483","weaponNormal":"0.200","thrusterNormal":"0.600","steeringNormal":"0.333","chassisNormal":"0.600","gimbalNormal":"0.167","scannerNormal":"1.000"}]}