{"id":20,"seed":"f1fdb7eb-cd88-49de-8b2b-53465483a61e","leader":"Iunov v49.36","colour":0,"value":"0.748","drones":[{"seed":"f1fdb7eb-cd88-49de-8b2b-53465483a61e","name":"Iunov v49.36","weapon":4,"gimbal":2,"steering":3,"thruster":4,"chassis":3,"scanner":3,"colour":0,"skewMod":0,"skew":1,"value":"0.772","weaponNormal":"1.000","thrusterNormal":"1.000","steeringNormal":"0.667","chassisNormal":"0.800","gimbalNormal":"0.500","scannerNormal":"0.667"},{"seed":"f1fdb7eb-cd88-49de-8b2b-53465483a61e","name":"Kenov","weapon":3,"gimbal":2,"steering":3,"thruster":4,"chassis":3,"scanner":2,"colour":0,"skewMod":0,"skew":1,"value":"0.711","weaponNormal":"0.800","thrusterNormal":"1.000","steeringNormal":"0.667","chassisNormal":"0.800","gimbalNormal":"0.500","scannerNormal":"0.500"},{"seed":"f1fdb7eb-cd88-49de-8b2b-53465483a61e","name":"Yonia","weapon":3,"gimbal":4,"steering":3,"thruster":0,"chassis":3,"scanner":3,"colour":0,"skewMod":0,"skew":1,"value":"0.661","weaponNormal":"0.800","thrusterNormal":"0.200","steeringNormal":"0.667","chassisNormal":"0.800","gimbalNormal":"0.833","scannerNormal":"0.667"},{"seed":"f1fdb7eb-cd88-49de-8b2b-53465483a61e","name":"Qeliv","weapon":0,"gimbal":5,"steering":0,"thruster":3,"chassis":3,"scanner":2,"colour":0,"skewMod":0,"skew":1,"value":"0.578","weaponNormal":"0.200","thrusterNormal":"0.800","steeringNormal":"0.167","chassisNormal":"0.800","gimbalNormal":"1.000","scannerNormal":"0.500"},{"seed":"f1fdb7eb-cd88-49de-8b2b-53465483a61e","name":"Yagantu Mk LXXX","weapon":0,"gimbal":4,"steering":0,"thruster":0,"chassis":3,"scanner":5,"colour":0,"skewMod":0,"skew":1,"value":"0.533","weaponNormal":"0.200","thrusterNormal":"0.200","steeringNormal":"0.167","chassisNormal":"0.800","gimbalNormal":"0.833","scannerNormal":"1.000"},{"seed":"f1fdb7eb-cd88-49de-8b2b-53465483a61e","name":"Juhines","weapon":0,"gimbal":1,"steering":0,"thruster":0,"chassis":4,"scanner":5,"colour":0,"skewMod":0,"skew":1,"value":"0.483","weaponNormal":"0.200","thrusterNormal":"0.200","steeringNormal":"0.167","chassisNormal":"1.000","gimbalNormal":"0.333","scannerNormal":"1.000"}]}