{"id":57,"seed":"247ea93d-4034-40bd-8f8d-fa56d3195a9d","leader":"Funus","colour":2,"value":"0.702","drones":[{"seed":"247ea93d-4034-40bd-8f8d-fa56d3195a9d","name":"Funus","weapon":4,"gimbal":1,"steering":1,"thruster":4,"chassis":2,"scanner":5,"colour":2,"skewMod":0,"skew":1,"value":"0.711","weaponNormal":"1.000","thrusterNormal":"1.000","steeringNormal":"0.333","chassisNormal":"0.600","gimbalNormal":"0.333","scannerNormal":"1.000"},{"seed":"247ea93d-4034-40bd-8f8d-fa56d3195a9d","name":"Varilia","weapon":4,"gimbal":5,"steering":0,"thruster":1,"chassis":1,"scanner":5,"colour":2,"skewMod":0,"skew":1,"value":"0.661","weaponNormal":"1.000","thrusterNormal":"0.400","steeringNormal":"0.167","chassisNormal":"0.400","gimbalNormal":"1.000","scannerNormal":"1.000"},{"seed":"247ea93d-4034-40bd-8f8d-fa56d3195a9d","name":"Horus","weapon":4,"gimbal":4,"steering":2,"thruster":0,"chassis":4,"scanner":0,"colour":2,"skewMod":0,"skew":1,"value":"0.617","weaponNormal":"1.000","thrusterNormal":"0.200","steeringNormal":"0.500","chassisNormal":"1.000","gimbalNormal":"0.833","scannerNormal":"0.167"},{"seed":"247ea93d-4034-40bd-8f8d-fa56d3195a9d","name":"Lobos","weapon":2,"gimbal":1,"steering":2,"thruster":2,"chassis":3,"scanner":1,"colour":2,"skewMod":0,"skew":1,"value":"0.528","weaponNormal":"0.600","thrusterNormal":"0.600","steeringNormal":"0.500","chassisNormal":"0.800","gimbalNormal":"0.333","scannerNormal":"0.333"},{"seed":"247ea93d-4034-40bd-8f8d-fa56d3195a9d","name":"Wurilia","weapon":3,"gimbal":0,"steering":4,"thruster":2,"chassis":0,"scanner":2,"colour":2,"skewMod":0,"skew":1,"value":"0.517","weaponNormal":"0.800","thrusterNormal":"0.600","steeringNormal":"0.833","chassisNormal":"0.200","gimbalNormal":"0.167","scannerNormal":"0.500"},{"seed":"247ea93d-4034-40bd-8f8d-fa56d3195a9d","name":"Xoria","weapon":0,"gimbal":5,"steering":1,"thruster":3,"chassis":0,"scanner":1,"colour":2,"skewMod":0,"skew":1,"value":"0.478","weaponNormal":"0.200","thrusterNormal":"0.800","steeringNormal":"0.333","chassisNormal":"0.200","gimbalNormal":"1.000","scannerNormal":"0.333"}]}