{"id":24,"seed":"b15f50f2-19c2-4072-81be-eff7f6cad38a","leader":"Rethea","colour":5,"value":"0.801","drones":[{"seed":"b15f50f2-19c2-4072-81be-eff7f6cad38a","name":"Rethea","weapon":2,"gimbal":4,"steering":5,"thruster":4,"chassis":3,"scanner":4,"colour":5,"skewMod":0,"skew":1,"value":"0.844","weaponNormal":"0.600","thrusterNormal":"1.000","steeringNormal":"1.000","chassisNormal":"0.800","gimbalNormal":"0.833","scannerNormal":"0.833"},{"seed":"b15f50f2-19c2-4072-81be-eff7f6cad38a","name":"Neria","weapon":0,"gimbal":5,"steering":3,"thruster":3,"chassis":3,"scanner":5,"colour":5,"skewMod":0,"skew":1,"value":"0.745","weaponNormal":"0.200","thrusterNormal":"0.800","steeringNormal":"0.667","chassisNormal":"0.800","gimbalNormal":"1.000","scannerNormal":"1.000"},{"seed":"b15f50f2-19c2-4072-81be-eff7f6cad38a","name":"Cegawa","weapon":3,"gimbal":0,"steering":0,"thruster":4,"chassis":4,"scanner":3,"colour":5,"skewMod":0,"skew":1,"value":"0.634","weaponNormal":"0.800","thrusterNormal":"1.000","steeringNormal":"0.167","chassisNormal":"1.000","gimbalNormal":"0.167","scannerNormal":"0.667"},{"seed":"b15f50f2-19c2-4072-81be-eff7f6cad38a","name":"Totania","weapon":1,"gimbal":2,"steering":1,"thruster":3,"chassis":4,"scanner":3,"colour":5,"skewMod":0,"skew":1,"value":"0.617","weaponNormal":"0.400","thrusterNormal":"0.800","steeringNormal":"0.333","chassisNormal":"1.000","gimbalNormal":"0.500","scannerNormal":"0.667"},{"seed":"b15f50f2-19c2-4072-81be-eff7f6cad38a","name":"Ceclite","weapon":0,"gimbal":2,"steering":5,"thruster":2,"chassis":4,"scanner":1,"colour":5,"skewMod":0,"skew":1,"value":"0.606","weaponNormal":"0.200","thrusterNormal":"0.600","steeringNormal":"1.000","chassisNormal":"1.000","gimbalNormal":"0.500","scannerNormal":"0.333"},{"seed":"b15f50f2-19c2-4072-81be-eff7f6cad38a","name":"Manus","weapon":1,"gimbal":1,"steering":3,"thruster":3,"chassis":4,"scanner":0,"colour":5,"skewMod":0,"skew":1,"value":"0.561","weaponNormal":"0.400","thrusterNormal":"0.800","steeringNormal":"0.667","chassisNormal":"1.000","gimbalNormal":"0.333","scannerNormal":"0.167"}]}