{"id":87,"seed":"22e4b050-3f31-4f48-b6fa-f748a2253e7c","leader":"Kulea","colour":2,"value":"0.731","drones":[{"seed":"22e4b050-3f31-4f48-b6fa-f748a2253e7c","name":"Kulea","weapon":0,"gimbal":5,"steering":4,"thruster":4,"chassis":3,"scanner":1,"colour":2,"skewMod":0,"skew":1,"value":"0.694","weaponNormal":"0.200","thrusterNormal":"1.000","steeringNormal":"0.833","chassisNormal":"0.800","gimbalNormal":"1.000","scannerNormal":"0.333"},{"seed":"22e4b050-3f31-4f48-b6fa-f748a2253e7c","name":"Qunerth Mk XXXII","weapon":3,"gimbal":5,"steering":4,"thruster":1,"chassis":2,"scanner":0,"colour":2,"skewMod":0,"skew":1,"value":"0.633","weaponNormal":"0.800","thrusterNormal":"0.400","steeringNormal":"0.833","chassisNormal":"0.600","gimbalNormal":"1.000","scannerNormal":"0.167"},{"seed":"22e4b050-3f31-4f48-b6fa-f748a2253e7c","name":"Tupra Mk LVI","weapon":3,"gimbal":5,"steering":4,"thruster":0,"chassis":3,"scanner":0,"colour":2,"skewMod":0,"skew":1,"value":"0.633","weaponNormal":"0.800","thrusterNormal":"0.200","steeringNormal":"0.833","chassisNormal":"0.800","gimbalNormal":"1.000","scannerNormal":"0.167"},{"seed":"22e4b050-3f31-4f48-b6fa-f748a2253e7c","name":"Vuhines v14.11","weapon":1,"gimbal":3,"steering":2,"thruster":3,"chassis":4,"scanner":0,"colour":2,"skewMod":0,"skew":1,"value":"0.589","weaponNormal":"0.400","thrusterNormal":"0.800","steeringNormal":"0.500","chassisNormal":"1.000","gimbalNormal":"0.667","scannerNormal":"0.167"},{"seed":"22e4b050-3f31-4f48-b6fa-f748a2253e7c","name":"Xunia","weapon":0,"gimbal":4,"steering":4,"thruster":3,"chassis":0,"scanner":2,"colour":2,"skewMod":0,"skew":1,"value":"0.561","weaponNormal":"0.200","thrusterNormal":"0.800","steeringNormal":"0.833","chassisNormal":"0.200","gimbalNormal":"0.833","scannerNormal":"0.500"},{"seed":"22e4b050-3f31-4f48-b6fa-f748a2253e7c","name":"Kelara","weapon":2,"gimbal":2,"steering":4,"thruster":2,"chassis":1,"scanner":1,"colour":2,"skewMod":0,"skew":1,"value":"0.544","weaponNormal":"0.600","thrusterNormal":"0.600","steeringNormal":"0.833","chassisNormal":"0.400","gimbalNormal":"0.500","scannerNormal":"0.333"}]}