{"id":35,"seed":"8072c649-6734-42de-90e9-6c3038f49903","leader":"Nuter Mk XVI","colour":1,"value":"0.680","drones":[{"seed":"8072c649-6734-42de-90e9-6c3038f49903","name":"Nuter Mk XVI","weapon":4,"gimbal":3,"steering":3,"thruster":0,"chassis":3,"scanner":3,"colour":1,"skewMod":0,"skew":1,"value":"0.667","weaponNormal":"1.000","thrusterNormal":"0.200","steeringNormal":"0.667","chassisNormal":"0.800","gimbalNormal":"0.667","scannerNormal":"0.667"},{"seed":"8072c649-6734-42de-90e9-6c3038f49903","name":"Serilia","weapon":3,"gimbal":5,"steering":0,"thruster":4,"chassis":2,"scanner":0,"colour":1,"skewMod":0,"skew":1,"value":"0.622","weaponNormal":"0.800","thrusterNormal":"1.000","steeringNormal":"0.167","chassisNormal":"0.600","gimbalNormal":"1.000","scannerNormal":"0.167"},{"seed":"8072c649-6734-42de-90e9-6c3038f49903","name":"Qahiri Mk LX","weapon":2,"gimbal":3,"steering":4,"thruster":1,"chassis":3,"scanner":1,"colour":1,"skewMod":0,"skew":1,"value":"0.606","weaponNormal":"0.600","thrusterNormal":"0.400","steeringNormal":"0.833","chassisNormal":"0.800","gimbalNormal":"0.667","scannerNormal":"0.333"},{"seed":"8072c649-6734-42de-90e9-6c3038f49903","name":"Xotov Mk LXXXIX","weapon":3,"gimbal":2,"steering":0,"thruster":3,"chassis":2,"scanner":1,"colour":1,"skewMod":0,"skew":1,"value":"0.533","weaponNormal":"0.800","thrusterNormal":"0.800","steeringNormal":"0.167","chassisNormal":"0.600","gimbalNormal":"0.500","scannerNormal":"0.333"},{"seed":"8072c649-6734-42de-90e9-6c3038f49903","name":"Ioyama v41.68","weapon":1,"gimbal":0,"steering":2,"thruster":2,"chassis":4,"scanner":1,"colour":1,"skewMod":0,"skew":1,"value":"0.500","weaponNormal":"0.400","thrusterNormal":"0.600","steeringNormal":"0.500","chassisNormal":"1.000","gimbalNormal":"0.167","scannerNormal":"0.333"},{"seed":"8072c649-6734-42de-90e9-6c3038f49903","name":"Yenides","weapon":4,"gimbal":1,"steering":0,"thruster":1,"chassis":2,"scanner":1,"colour":1,"skewMod":0,"skew":1,"value":"0.472","weaponNormal":"1.000","thrusterNormal":"0.400","steeringNormal":"0.167","chassisNormal":"0.600","gimbalNormal":"0.333","scannerNormal":"0.333"}]}