{"id":73,"seed":"7467c235-2cad-432f-baff-76821e1d1796","leader":"Iugantu","colour":0,"value":"0.652","drones":[{"seed":"7467c235-2cad-432f-baff-76821e1d1796","name":"Iugantu","weapon":4,"gimbal":4,"steering":4,"thruster":1,"chassis":1,"scanner":5,"colour":0,"skewMod":0,"skew":1,"value":"0.744","weaponNormal":"1.000","thrusterNormal":"0.400","steeringNormal":"0.833","chassisNormal":"0.400","gimbalNormal":"0.833","scannerNormal":"1.000"},{"seed":"7467c235-2cad-432f-baff-76821e1d1796","name":"Costea","weapon":0,"gimbal":5,"steering":2,"thruster":2,"chassis":3,"scanner":3,"colour":0,"skewMod":0,"skew":1,"value":"0.628","weaponNormal":"0.200","thrusterNormal":"0.600","steeringNormal":"0.500","chassisNormal":"0.800","gimbalNormal":"1.000","scannerNormal":"0.667"},{"seed":"7467c235-2cad-432f-baff-76821e1d1796","name":"Sowei","weapon":1,"gimbal":4,"steering":0,"thruster":4,"chassis":4,"scanner":1,"colour":0,"skewMod":0,"skew":1,"value":"0.622","weaponNormal":"0.400","thrusterNormal":"1.000","steeringNormal":"0.167","chassisNormal":"1.000","gimbalNormal":"0.833","scannerNormal":"0.333"},{"seed":"7467c235-2cad-432f-baff-76821e1d1796","name":"Lerilia","weapon":1,"gimbal":5,"steering":4,"thruster":0,"chassis":0,"scanner":0,"colour":0,"skewMod":0,"skew":1,"value":"0.467","weaponNormal":"0.400","thrusterNormal":"0.200","steeringNormal":"0.833","chassisNormal":"0.200","gimbalNormal":"1.000","scannerNormal":"0.167"},{"seed":"7467c235-2cad-432f-baff-76821e1d1796","name":"Butov v36.22","weapon":0,"gimbal":1,"steering":0,"thruster":3,"chassis":2,"scanner":2,"colour":0,"skewMod":0,"skew":1,"value":"0.433","weaponNormal":"0.200","thrusterNormal":"0.800","steeringNormal":"0.167","chassisNormal":"0.600","gimbalNormal":"0.333","scannerNormal":"0.500"},{"seed":"7467c235-2cad-432f-baff-76821e1d1796","name":"Doliv","weapon":2,"gimbal":0,"steering":1,"thruster":0,"chassis":1,"scanner":2,"colour":0,"skewMod":0,"skew":1,"value":"0.367","weaponNormal":"0.600","thrusterNormal":"0.200","steeringNormal":"0.333","chassisNormal":"0.400","gimbalNormal":"0.167","scannerNormal":"0.500"}]}