{"id":1,"seed":"b800c21d-0665-4943-8367-bf6804a1af5d","leader":"Beter Mk XIX","colour":2,"value":"0.681","drones":[{"seed":"b800c21d-0665-4943-8367-bf6804a1af5d","name":"Beter Mk XIX","weapon":4,"gimbal":5,"steering":4,"thruster":2,"chassis":1,"scanner":0,"colour":2,"skewMod":0,"skew":1,"value":"0.667","weaponNormal":"1.000","thrusterNormal":"0.600","steeringNormal":"0.833","chassisNormal":"0.400","gimbalNormal":"1.000","scannerNormal":"0.167"},{"seed":"b800c21d-0665-4943-8367-bf6804a1af5d","name":"Fotune Mk XIX","weapon":4,"gimbal":0,"steering":5,"thruster":0,"chassis":4,"scanner":1,"colour":2,"skewMod":0,"skew":1,"value":"0.617","weaponNormal":"1.000","thrusterNormal":"0.200","steeringNormal":"1.000","chassisNormal":"1.000","gimbalNormal":"0.167","scannerNormal":"0.333"},{"seed":"b800c21d-0665-4943-8367-bf6804a1af5d","name":"Menope","weapon":0,"gimbal":4,"steering":5,"thruster":1,"chassis":0,"scanner":5,"colour":2,"skewMod":0,"skew":1,"value":"0.606","weaponNormal":"0.200","thrusterNormal":"0.400","steeringNormal":"1.000","chassisNormal":"0.200","gimbalNormal":"0.833","scannerNormal":"1.000"},{"seed":"b800c21d-0665-4943-8367-bf6804a1af5d","name":"Iarus v3.33","weapon":0,"gimbal":3,"steering":4,"thruster":0,"chassis":1,"scanner":4,"colour":2,"skewMod":0,"skew":1,"value":"0.522","weaponNormal":"0.200","thrusterNormal":"0.200","steeringNormal":"0.833","chassisNormal":"0.400","gimbalNormal":"0.667","scannerNormal":"0.833"},{"seed":"b800c21d-0665-4943-8367-bf6804a1af5d","name":"Juthea","weapon":4,"gimbal":0,"steering":4,"thruster":0,"chassis":0,"scanner":3,"colour":2,"skewMod":0,"skew":1,"value":"0.511","weaponNormal":"1.000","thrusterNormal":"0.200","steeringNormal":"0.833","chassisNormal":"0.200","gimbalNormal":"0.167","scannerNormal":"0.667"},{"seed":"b800c21d-0665-4943-8367-bf6804a1af5d","name":"Zetera","weapon":3,"gimbal":3,"steering":1,"thruster":1,"chassis":0,"scanner":2,"colour":2,"skewMod":0,"skew":1,"value":"0.483","weaponNormal":"0.800","thrusterNormal":"0.400","steeringNormal":"0.333","chassisNormal":"0.200","gimbalNormal":"0.667","scannerNormal":"0.500"}]}