{"id":27,"seed":"af7baf50-086d-4415-ad61-e265857cdb13","leader":"Horus","colour":1,"value":"0.613","drones":[{"seed":"af7baf50-086d-4415-ad61-e265857cdb13","name":"Horus","weapon":4,"gimbal":5,"steering":0,"thruster":1,"chassis":3,"scanner":0,"colour":1,"skewMod":0,"skew":1,"value":"0.589","weaponNormal":"1.000","thrusterNormal":"0.400","steeringNormal":"0.167","chassisNormal":"0.800","gimbalNormal":"1.000","scannerNormal":"0.167"},{"seed":"af7baf50-086d-4415-ad61-e265857cdb13","name":"Genus","weapon":0,"gimbal":1,"steering":3,"thruster":2,"chassis":3,"scanner":4,"colour":1,"skewMod":0,"skew":1,"value":"0.572","weaponNormal":"0.200","thrusterNormal":"0.600","steeringNormal":"0.667","chassisNormal":"0.800","gimbalNormal":"0.333","scannerNormal":"0.833"},{"seed":"af7baf50-086d-4415-ad61-e265857cdb13","name":"Qeyama","weapon":0,"gimbal":2,"steering":2,"thruster":2,"chassis":2,"scanner":3,"colour":1,"skewMod":0,"skew":1,"value":"0.511","weaponNormal":"0.200","thrusterNormal":"0.600","steeringNormal":"0.500","chassisNormal":"0.600","gimbalNormal":"0.500","scannerNormal":"0.667"},{"seed":"af7baf50-086d-4415-ad61-e265857cdb13","name":"Reter Mk L","weapon":1,"gimbal":2,"steering":5,"thruster":0,"chassis":3,"scanner":0,"colour":1,"skewMod":0,"skew":1,"value":"0.511","weaponNormal":"0.400","thrusterNormal":"0.200","steeringNormal":"1.000","chassisNormal":"0.800","gimbalNormal":"0.500","scannerNormal":"0.167"},{"seed":"af7baf50-086d-4415-ad61-e265857cdb13","name":"Sonov","weapon":2,"gimbal":3,"steering":0,"thruster":1,"chassis":3,"scanner":0,"colour":1,"skewMod":0,"skew":1,"value":"0.467","weaponNormal":"0.600","thrusterNormal":"0.400","steeringNormal":"0.167","chassisNormal":"0.800","gimbalNormal":"0.667","scannerNormal":"0.167"},{"seed":"af7baf50-086d-4415-ad61-e265857cdb13","name":"Logawa","weapon":1,"gimbal":5,"steering":1,"thruster":0,"chassis":1,"scanner":0,"colour":1,"skewMod":0,"skew":1,"value":"0.417","weaponNormal":"0.400","thrusterNormal":"0.200","steeringNormal":"0.333","chassisNormal":"0.400","gimbalNormal":"1.000","scannerNormal":"0.167"}]}