{"id":56,"seed":"15d69732-d847-4933-ae36-93c54e1d7481","leader":"Derilia","colour":2,"value":"0.670","drones":[{"seed":"15d69732-d847-4933-ae36-93c54e1d7481","name":"Derilia","weapon":1,"gimbal":5,"steering":2,"thruster":4,"chassis":3,"scanner":0,"colour":2,"skewMod":0,"skew":1,"value":"0.644","weaponNormal":"0.400","thrusterNormal":"1.000","steeringNormal":"0.500","chassisNormal":"0.800","gimbalNormal":"1.000","scannerNormal":"0.167"},{"seed":"15d69732-d847-4933-ae36-93c54e1d7481","name":"Ganerth","weapon":4,"gimbal":2,"steering":1,"thruster":4,"chassis":3,"scanner":0,"colour":2,"skewMod":0,"skew":1,"value":"0.633","weaponNormal":"1.000","thrusterNormal":"1.000","steeringNormal":"0.333","chassisNormal":"0.800","gimbalNormal":"0.500","scannerNormal":"0.167"},{"seed":"15d69732-d847-4933-ae36-93c54e1d7481","name":"Junia v44.39","weapon":0,"gimbal":2,"steering":0,"thruster":4,"chassis":4,"scanner":3,"colour":2,"skewMod":0,"skew":1,"value":"0.589","weaponNormal":"0.200","thrusterNormal":"1.000","steeringNormal":"0.167","chassisNormal":"1.000","gimbalNormal":"0.500","scannerNormal":"0.667"},{"seed":"15d69732-d847-4933-ae36-93c54e1d7481","name":"Quvis","weapon":3,"gimbal":0,"steering":4,"thruster":3,"chassis":0,"scanner":3,"colour":2,"skewMod":0,"skew":1,"value":"0.578","weaponNormal":"0.800","thrusterNormal":"0.800","steeringNormal":"0.833","chassisNormal":"0.200","gimbalNormal":"0.167","scannerNormal":"0.667"},{"seed":"15d69732-d847-4933-ae36-93c54e1d7481","name":"Bovis Mk LXXV","weapon":4,"gimbal":2,"steering":0,"thruster":1,"chassis":0,"scanner":2,"colour":2,"skewMod":0,"skew":1,"value":"0.461","weaponNormal":"1.000","thrusterNormal":"0.400","steeringNormal":"0.167","chassisNormal":"0.200","gimbalNormal":"0.500","scannerNormal":"0.500"},{"seed":"15d69732-d847-4933-ae36-93c54e1d7481","name":"Zuthea v22.55","weapon":0,"gimbal":3,"steering":3,"thruster":0,"chassis":2,"scanner":1,"colour":2,"skewMod":0,"skew":1,"value":"0.445","weaponNormal":"0.200","thrusterNormal":"0.200","steeringNormal":"0.667","chassisNormal":"0.600","gimbalNormal":"0.667","scannerNormal":"0.333"}]}