{"id":4,"seed":"277e757b-141e-4a6d-937a-ca62984abade","leader":"Ratov","colour":1,"value":"0.667","drones":[{"seed":"277e757b-141e-4a6d-937a-ca62984abade","name":"Ratov","weapon":3,"gimbal":1,"steering":1,"thruster":4,"chassis":2,"scanner":4,"colour":1,"skewMod":0,"skew":1,"value":"0.650","weaponNormal":"0.800","thrusterNormal":"1.000","steeringNormal":"0.333","chassisNormal":"0.600","gimbalNormal":"0.333","scannerNormal":"0.833"},{"seed":"277e757b-141e-4a6d-937a-ca62984abade","name":"Xacury","weapon":4,"gimbal":1,"steering":3,"thruster":3,"chassis":2,"scanner":2,"colour":1,"skewMod":0,"skew":1,"value":"0.650","weaponNormal":"1.000","thrusterNormal":"0.800","steeringNormal":"0.667","chassisNormal":"0.600","gimbalNormal":"0.333","scannerNormal":"0.500"},{"seed":"277e757b-141e-4a6d-937a-ca62984abade","name":"Soter","weapon":0,"gimbal":2,"steering":5,"thruster":1,"chassis":3,"scanner":5,"colour":1,"skewMod":0,"skew":1,"value":"0.650","weaponNormal":"0.200","thrusterNormal":"0.400","steeringNormal":"1.000","chassisNormal":"0.800","gimbalNormal":"0.500","scannerNormal":"1.000"},{"seed":"277e757b-141e-4a6d-937a-ca62984abade","name":"Buvis","weapon":4,"gimbal":2,"steering":5,"thruster":0,"chassis":0,"scanner":1,"colour":1,"skewMod":0,"skew":1,"value":"0.539","weaponNormal":"1.000","thrusterNormal":"0.200","steeringNormal":"1.000","chassisNormal":"0.200","gimbalNormal":"0.500","scannerNormal":"0.333"},{"seed":"277e757b-141e-4a6d-937a-ca62984abade","name":"Mutera","weapon":1,"gimbal":5,"steering":1,"thruster":1,"chassis":0,"scanner":1,"colour":1,"skewMod":0,"skew":1,"value":"0.444","weaponNormal":"0.400","thrusterNormal":"0.400","steeringNormal":"0.333","chassisNormal":"0.200","gimbalNormal":"1.000","scannerNormal":"0.333"},{"seed":"277e757b-141e-4a6d-937a-ca62984abade","name":"Wuruta","weapon":1,"gimbal":2,"steering":1,"thruster":1,"chassis":2,"scanner":0,"colour":1,"skewMod":0,"skew":1,"value":"0.400","weaponNormal":"0.400","thrusterNormal":"0.400","steeringNormal":"0.333","chassisNormal":"0.600","gimbalNormal":"0.500","scannerNormal":"0.167"}]}