{"id":39,"seed":"cbf225a7-7914-4507-bd12-3e6e8a43652e","leader":"Benov","colour":1,"value":"0.599","drones":[{"seed":"cbf225a7-7914-4507-bd12-3e6e8a43652e","name":"Benov","weapon":3,"gimbal":2,"steering":5,"thruster":1,"chassis":3,"scanner":2,"colour":1,"skewMod":0,"skew":1,"value":"0.667","weaponNormal":"0.800","thrusterNormal":"0.400","steeringNormal":"1.000","chassisNormal":"0.800","gimbalNormal":"0.500","scannerNormal":"0.500"},{"seed":"cbf225a7-7914-4507-bd12-3e6e8a43652e","name":"Legantu v12.65","weapon":2,"gimbal":2,"steering":1,"thruster":1,"chassis":3,"scanner":4,"colour":1,"skewMod":0,"skew":1,"value":"0.578","weaponNormal":"0.600","thrusterNormal":"0.400","steeringNormal":"0.333","chassisNormal":"0.800","gimbalNormal":"0.500","scannerNormal":"0.833"},{"seed":"cbf225a7-7914-4507-bd12-3e6e8a43652e","name":"Motis","weapon":1,"gimbal":1,"steering":3,"thruster":3,"chassis":1,"scanner":2,"colour":1,"skewMod":0,"skew":1,"value":"0.517","weaponNormal":"0.400","thrusterNormal":"0.800","steeringNormal":"0.667","chassisNormal":"0.400","gimbalNormal":"0.333","scannerNormal":"0.500"},{"seed":"cbf225a7-7914-4507-bd12-3e6e8a43652e","name":"Sevis Mk XXIV","weapon":3,"gimbal":1,"steering":0,"thruster":3,"chassis":1,"scanner":1,"colour":1,"skewMod":0,"skew":1,"value":"0.472","weaponNormal":"0.800","thrusterNormal":"0.800","steeringNormal":"0.167","chassisNormal":"0.400","gimbalNormal":"0.333","scannerNormal":"0.333"},{"seed":"cbf225a7-7914-4507-bd12-3e6e8a43652e","name":"Zebos v49.43","weapon":3,"gimbal":1,"steering":1,"thruster":2,"chassis":0,"scanner":0,"colour":1,"skewMod":0,"skew":1,"value":"0.405","weaponNormal":"0.800","thrusterNormal":"0.600","steeringNormal":"0.333","chassisNormal":"0.200","gimbalNormal":"0.333","scannerNormal":"0.167"},{"seed":"cbf225a7-7914-4507-bd12-3e6e8a43652e","name":"Gecury","weapon":0,"gimbal":0,"steering":0,"thruster":0,"chassis":1,"scanner":5,"colour":1,"skewMod":0,"skew":1,"value":"0.356","weaponNormal":"0.200","thrusterNormal":"0.200","steeringNormal":"0.167","chassisNormal":"0.400","gimbalNormal":"0.167","scannerNormal":"1.000"}]}