{"id":81,"seed":"a7db5ed1-0960-46b3-9dd1-2bfb65e441d8","leader":"Hetov v6.85","colour":3,"value":"0.780","drones":[{"seed":"a7db5ed1-0960-46b3-9dd1-2bfb65e441d8","name":"Hetov v6.85","weapon":4,"gimbal":1,"steering":0,"thruster":4,"chassis":4,"scanner":5,"colour":3,"skewMod":0,"skew":1,"value":"0.750","weaponNormal":"1.000","thrusterNormal":"1.000","steeringNormal":"0.167","chassisNormal":"1.000","gimbalNormal":"0.333","scannerNormal":"1.000"},{"seed":"a7db5ed1-0960-46b3-9dd1-2bfb65e441d8","name":"Donus Mk LXXXVIII","weapon":2,"gimbal":3,"steering":5,"thruster":0,"chassis":4,"scanner":5,"colour":3,"skewMod":0,"skew":1,"value":"0.744","weaponNormal":"0.600","thrusterNormal":"0.200","steeringNormal":"1.000","chassisNormal":"1.000","gimbalNormal":"0.667","scannerNormal":"1.000"},{"seed":"a7db5ed1-0960-46b3-9dd1-2bfb65e441d8","name":"Vanerth Mk XLVIII","weapon":2,"gimbal":3,"steering":4,"thruster":2,"chassis":4,"scanner":2,"colour":3,"skewMod":0,"skew":1,"value":"0.700","weaponNormal":"0.600","thrusterNormal":"0.600","steeringNormal":"0.833","chassisNormal":"1.000","gimbalNormal":"0.667","scannerNormal":"0.500"},{"seed":"a7db5ed1-0960-46b3-9dd1-2bfb65e441d8","name":"Telara Mk VI","weapon":3,"gimbal":3,"steering":3,"thruster":0,"chassis":2,"scanner":3,"colour":3,"skewMod":0,"skew":1,"value":"0.600","weaponNormal":"0.800","thrusterNormal":"0.200","steeringNormal":"0.667","chassisNormal":"0.600","gimbalNormal":"0.667","scannerNormal":"0.667"},{"seed":"a7db5ed1-0960-46b3-9dd1-2bfb65e441d8","name":"Luter","weapon":3,"gimbal":4,"steering":1,"thruster":0,"chassis":1,"scanner":4,"colour":3,"skewMod":0,"skew":1,"value":"0.567","weaponNormal":"0.800","thrusterNormal":"0.200","steeringNormal":"0.333","chassisNormal":"0.400","gimbalNormal":"0.833","scannerNormal":"0.833"},{"seed":"a7db5ed1-0960-46b3-9dd1-2bfb65e441d8","name":"Ietania Mk LVII","weapon":3,"gimbal":1,"steering":4,"thruster":1,"chassis":0,"scanner":3,"colour":3,"skewMod":0,"skew":1,"value":"0.539","weaponNormal":"0.800","thrusterNormal":"0.400","steeringNormal":"0.833","chassisNormal":"0.200","gimbalNormal":"0.333","scannerNormal":"0.667"}]}