{"id":59,"seed":"7194d85d-0c6b-4d83-85b7-e47270482c65","leader":"Pazuno","colour":3,"value":"0.673","drones":[{"seed":"7194d85d-0c6b-4d83-85b7-e47270482c65","name":"Pazuno","weapon":3,"gimbal":5,"steering":3,"thruster":2,"chassis":4,"scanner":5,"colour":3,"skewMod":0,"skew":1,"value":"0.845","weaponNormal":"0.800","thrusterNormal":"0.600","steeringNormal":"0.667","chassisNormal":"1.000","gimbalNormal":"1.000","scannerNormal":"1.000"},{"seed":"7194d85d-0c6b-4d83-85b7-e47270482c65","name":"Yaruta","weapon":4,"gimbal":4,"steering":1,"thruster":0,"chassis":3,"scanner":4,"colour":3,"skewMod":0,"skew":1,"value":"0.667","weaponNormal":"1.000","thrusterNormal":"0.200","steeringNormal":"0.333","chassisNormal":"0.800","gimbalNormal":"0.833","scannerNormal":"0.833"},{"seed":"7194d85d-0c6b-4d83-85b7-e47270482c65","name":"Ieter","weapon":3,"gimbal":2,"steering":5,"thruster":4,"chassis":0,"scanner":2,"colour":3,"skewMod":0,"skew":1,"value":"0.667","weaponNormal":"0.800","thrusterNormal":"1.000","steeringNormal":"1.000","chassisNormal":"0.200","gimbalNormal":"0.500","scannerNormal":"0.500"},{"seed":"7194d85d-0c6b-4d83-85b7-e47270482c65","name":"Duhiri Mk XXXII","weapon":2,"gimbal":0,"steering":1,"thruster":4,"chassis":0,"scanner":1,"colour":3,"skewMod":0,"skew":1,"value":"0.439","weaponNormal":"0.600","thrusterNormal":"1.000","steeringNormal":"0.333","chassisNormal":"0.200","gimbalNormal":"0.167","scannerNormal":"0.333"},{"seed":"7194d85d-0c6b-4d83-85b7-e47270482c65","name":"Xunope","weapon":3,"gimbal":0,"steering":2,"thruster":1,"chassis":0,"scanner":1,"colour":3,"skewMod":0,"skew":1,"value":"0.400","weaponNormal":"0.800","thrusterNormal":"0.400","steeringNormal":"0.500","chassisNormal":"0.200","gimbalNormal":"0.167","scannerNormal":"0.333"},{"seed":"7194d85d-0c6b-4d83-85b7-e47270482c65","name":"Secarro Mk XXXI","weapon":0,"gimbal":0,"steering":0,"thruster":2,"chassis":2,"scanner":1,"colour":3,"skewMod":0,"skew":1,"value":"0.345","weaponNormal":"0.200","thrusterNormal":"0.600","steeringNormal":"0.167","chassisNormal":"0.600","gimbalNormal":"0.167","scannerNormal":"0.333"}]}