{"id":19,"seed":"ba410eb7-5965-4c92-878d-40a351e952ac","leader":"Huter","colour":5,"value":"0.732","drones":[{"seed":"ba410eb7-5965-4c92-878d-40a351e952ac","name":"Huter","weapon":0,"gimbal":5,"steering":3,"thruster":4,"chassis":4,"scanner":2,"colour":5,"skewMod":0,"skew":1,"value":"0.728","weaponNormal":"0.200","thrusterNormal":"1.000","steeringNormal":"0.667","chassisNormal":"1.000","gimbalNormal":"1.000","scannerNormal":"0.500"},{"seed":"ba410eb7-5965-4c92-878d-40a351e952ac","name":"Vuclite","weapon":4,"gimbal":0,"steering":1,"thruster":4,"chassis":4,"scanner":1,"colour":5,"skewMod":0,"skew":1,"value":"0.639","weaponNormal":"1.000","thrusterNormal":"1.000","steeringNormal":"0.333","chassisNormal":"1.000","gimbalNormal":"0.167","scannerNormal":"0.333"},{"seed":"ba410eb7-5965-4c92-878d-40a351e952ac","name":"Xeyama","weapon":1,"gimbal":2,"steering":5,"thruster":2,"chassis":1,"scanner":4,"colour":5,"skewMod":0,"skew":1,"value":"0.622","weaponNormal":"0.400","thrusterNormal":"0.600","steeringNormal":"1.000","chassisNormal":"0.400","gimbalNormal":"0.500","scannerNormal":"0.833"},{"seed":"ba410eb7-5965-4c92-878d-40a351e952ac","name":"Fohiri","weapon":0,"gimbal":4,"steering":0,"thruster":2,"chassis":3,"scanner":4,"colour":5,"skewMod":0,"skew":1,"value":"0.572","weaponNormal":"0.200","thrusterNormal":"0.600","steeringNormal":"0.167","chassisNormal":"0.800","gimbalNormal":"0.833","scannerNormal":"0.833"},{"seed":"ba410eb7-5965-4c92-878d-40a351e952ac","name":"Wanerth","weapon":2,"gimbal":0,"steering":2,"thruster":3,"chassis":4,"scanner":1,"colour":5,"skewMod":0,"skew":1,"value":"0.567","weaponNormal":"0.600","thrusterNormal":"0.800","steeringNormal":"0.500","chassisNormal":"1.000","gimbalNormal":"0.167","scannerNormal":"0.333"},{"seed":"ba410eb7-5965-4c92-878d-40a351e952ac","name":"Jaturn Mk XIII","weapon":1,"gimbal":2,"steering":4,"thruster":1,"chassis":1,"scanner":3,"colour":5,"skewMod":0,"skew":1,"value":"0.533","weaponNormal":"0.400","thrusterNormal":"0.400","steeringNormal":"0.833","chassisNormal":"0.400","gimbalNormal":"0.500","scannerNormal":"0.667"}]}