{"id":86,"seed":"d4299cb1-06b2-4afd-8111-f183eabae149","leader":"Mowei","colour":1,"value":"0.755","drones":[{"seed":"d4299cb1-06b2-4afd-8111-f183eabae149","name":"Mowei","weapon":2,"gimbal":3,"steering":4,"thruster":3,"chassis":4,"scanner":1,"colour":1,"skewMod":0,"skew":1,"value":"0.705","weaponNormal":"0.600","thrusterNormal":"0.800","steeringNormal":"0.833","chassisNormal":"1.000","gimbalNormal":"0.667","scannerNormal":"0.333"},{"seed":"d4299cb1-06b2-4afd-8111-f183eabae149","name":"Neclite Mk LXXV","weapon":2,"gimbal":3,"steering":2,"thruster":3,"chassis":2,"scanner":5,"colour":1,"skewMod":0,"skew":1,"value":"0.695","weaponNormal":"0.600","thrusterNormal":"0.800","steeringNormal":"0.500","chassisNormal":"0.600","gimbalNormal":"0.667","scannerNormal":"1.000"},{"seed":"d4299cb1-06b2-4afd-8111-f183eabae149","name":"Wopra","weapon":0,"gimbal":2,"steering":4,"thruster":4,"chassis":2,"scanner":5,"colour":1,"skewMod":0,"skew":1,"value":"0.689","weaponNormal":"0.200","thrusterNormal":"1.000","steeringNormal":"0.833","chassisNormal":"0.600","gimbalNormal":"0.500","scannerNormal":"1.000"},{"seed":"d4299cb1-06b2-4afd-8111-f183eabae149","name":"Yogawa v16.69","weapon":4,"gimbal":2,"steering":2,"thruster":4,"chassis":0,"scanner":1,"colour":1,"skewMod":0,"skew":1,"value":"0.589","weaponNormal":"1.000","thrusterNormal":"1.000","steeringNormal":"0.500","chassisNormal":"0.200","gimbalNormal":"0.500","scannerNormal":"0.333"},{"seed":"d4299cb1-06b2-4afd-8111-f183eabae149","name":"Horus v23.16","weapon":4,"gimbal":1,"steering":0,"thruster":1,"chassis":4,"scanner":2,"colour":1,"skewMod":0,"skew":1,"value":"0.567","weaponNormal":"1.000","thrusterNormal":"0.400","steeringNormal":"0.167","chassisNormal":"1.000","gimbalNormal":"0.333","scannerNormal":"0.500"},{"seed":"d4299cb1-06b2-4afd-8111-f183eabae149","name":"Vestea","weapon":3,"gimbal":4,"steering":0,"thruster":2,"chassis":2,"scanner":0,"colour":1,"skewMod":0,"skew":1,"value":"0.528","weaponNormal":"0.800","thrusterNormal":"0.600","steeringNormal":"0.167","chassisNormal":"0.600","gimbalNormal":"0.833","scannerNormal":"0.167"}]}