{"id":10,"seed":"1f209dda-de7b-40dc-991e-0d3364e66066","leader":"Lehines","colour":1,"value":"0.726","drones":[{"seed":"1f209dda-de7b-40dc-991e-0d3364e66066","name":"Lehines","weapon":4,"gimbal":3,"steering":4,"thruster":4,"chassis":1,"scanner":3,"colour":1,"skewMod":0,"skew":1,"value":"0.761","weaponNormal":"1.000","thrusterNormal":"1.000","steeringNormal":"0.833","chassisNormal":"0.400","gimbalNormal":"0.667","scannerNormal":"0.667"},{"seed":"1f209dda-de7b-40dc-991e-0d3364e66066","name":"Futis v26.5","weapon":3,"gimbal":4,"steering":5,"thruster":3,"chassis":0,"scanner":3,"colour":1,"skewMod":0,"skew":1,"value":"0.717","weaponNormal":"0.800","thrusterNormal":"0.800","steeringNormal":"1.000","chassisNormal":"0.200","gimbalNormal":"0.833","scannerNormal":"0.667"},{"seed":"1f209dda-de7b-40dc-991e-0d3364e66066","name":"Johines","weapon":1,"gimbal":0,"steering":4,"thruster":3,"chassis":1,"scanner":4,"colour":1,"skewMod":0,"skew":1,"value":"0.572","weaponNormal":"0.400","thrusterNormal":"0.800","steeringNormal":"0.833","chassisNormal":"0.400","gimbalNormal":"0.167","scannerNormal":"0.833"},{"seed":"1f209dda-de7b-40dc-991e-0d3364e66066","name":"Nethea","weapon":1,"gimbal":4,"steering":3,"thruster":4,"chassis":0,"scanner":0,"colour":1,"skewMod":0,"skew":1,"value":"0.545","weaponNormal":"0.400","thrusterNormal":"1.000","steeringNormal":"0.667","chassisNormal":"0.200","gimbalNormal":"0.833","scannerNormal":"0.167"},{"seed":"1f209dda-de7b-40dc-991e-0d3364e66066","name":"Negantu","weapon":2,"gimbal":2,"steering":0,"thruster":1,"chassis":3,"scanner":3,"colour":1,"skewMod":0,"skew":1,"value":"0.522","weaponNormal":"0.600","thrusterNormal":"0.400","steeringNormal":"0.167","chassisNormal":"0.800","gimbalNormal":"0.500","scannerNormal":"0.667"},{"seed":"1f209dda-de7b-40dc-991e-0d3364e66066","name":"Zaturn","weapon":0,"gimbal":5,"steering":0,"thruster":2,"chassis":2,"scanner":2,"colour":1,"skewMod":0,"skew":1,"value":"0.511","weaponNormal":"0.200","thrusterNormal":"0.600","steeringNormal":"0.167","chassisNormal":"0.600","gimbalNormal":"1.000","scannerNormal":"0.500"}]}