{"id":1,"seed":"ooa8PHz6zA8toZ4FBac7H972oupjbSpq8SQGFTaMuDL3dXQb2q7","leader":"Nonia","colour":2,"value":"0.724","drones":[{"seed":"ooa8PHz6zA8toZ4FBac7H972oupjbSpq8SQGFTaMuDL3dXQb2q7","name":"Nonia","weapon":1,"gimbal":5,"steering":3,"thruster":1,"chassis":3,"scanner":3,"colour":2,"skewMod":0,"skew":1,"value":"0.656","weaponNormal":"0.400","thrusterNormal":"0.400","steeringNormal":"0.667","chassisNormal":"0.800","gimbalNormal":"1.000","scannerNormal":"0.667"},{"seed":"ooa8PHz6zA8toZ4FBac7H972oupjbSpq8SQGFTaMuDL3dXQb2q7","name":"Henia v33.30","weapon":0,"gimbal":5,"steering":5,"thruster":3,"chassis":0,"scanner":3,"colour":2,"skewMod":0,"skew":1,"value":"0.644","weaponNormal":"0.200","thrusterNormal":"0.800","steeringNormal":"1.000","chassisNormal":"0.200","gimbalNormal":"1.000","scannerNormal":"0.667"},{"seed":"ooa8PHz6zA8toZ4FBac7H972oupjbSpq8SQGFTaMuDL3dXQb2q7","name":"Westea v48.19","weapon":0,"gimbal":4,"steering":1,"thruster":4,"chassis":3,"scanner":3,"colour":2,"skewMod":0,"skew":1,"value":"0.639","weaponNormal":"0.200","thrusterNormal":"1.000","steeringNormal":"0.333","chassisNormal":"0.800","gimbalNormal":"0.833","scannerNormal":"0.667"},{"seed":"ooa8PHz6zA8toZ4FBac7H972oupjbSpq8SQGFTaMuDL3dXQb2q7","name":"Quter","weapon":2,"gimbal":4,"steering":2,"thruster":1,"chassis":3,"scanner":2,"colour":2,"skewMod":0,"skew":1,"value":"0.606","weaponNormal":"0.600","thrusterNormal":"0.400","steeringNormal":"0.500","chassisNormal":"0.800","gimbalNormal":"0.833","scannerNormal":"0.500"},{"seed":"ooa8PHz6zA8toZ4FBac7H972oupjbSpq8SQGFTaMuDL3dXQb2q7","name":"Vamia","weapon":1,"gimbal":4,"steering":1,"thruster":1,"chassis":2,"scanner":5,"colour":2,"skewMod":0,"skew":1,"value":"0.594","weaponNormal":"0.400","thrusterNormal":"0.400","steeringNormal":"0.333","chassisNormal":"0.600","gimbalNormal":"0.833","scannerNormal":"1.000"},{"seed":"ooa8PHz6zA8toZ4FBac7H972oupjbSpq8SQGFTaMuDL3dXQb2q7","name":"Westea Mk LX","weapon":0,"gimbal":1,"steering":4,"thruster":0,"chassis":4,"scanner":1,"colour":2,"skewMod":0,"skew":1,"value":"0.483","weaponNormal":"0.200","thrusterNormal":"0.200","steeringNormal":"0.833","chassisNormal":"1.000","gimbalNormal":"0.333","scannerNormal":"0.333"}]}