{"id":15,"seed":"a9061811-e243-4594-9ae2-9790feac757b","leader":"Maphus","colour":5,"value":"0.651","drones":[{"seed":"a9061811-e243-4594-9ae2-9790feac757b","name":"Maphus","weapon":4,"gimbal":4,"steering":1,"thruster":4,"chassis":3,"scanner":5,"colour":5,"skewMod":0,"skew":1,"value":"0.828","weaponNormal":"1.000","thrusterNormal":"1.000","steeringNormal":"0.333","chassisNormal":"0.800","gimbalNormal":"0.833","scannerNormal":"1.000"},{"seed":"a9061811-e243-4594-9ae2-9790feac757b","name":"Tater","weapon":3,"gimbal":5,"steering":2,"thruster":0,"chassis":1,"scanner":0,"colour":5,"skewMod":0,"skew":1,"value":"0.511","weaponNormal":"0.800","thrusterNormal":"0.200","steeringNormal":"0.500","chassisNormal":"0.400","gimbalNormal":"1.000","scannerNormal":"0.167"},{"seed":"a9061811-e243-4594-9ae2-9790feac757b","name":"Lulia","weapon":1,"gimbal":0,"steering":2,"thruster":2,"chassis":1,"scanner":5,"colour":5,"skewMod":0,"skew":1,"value":"0.511","weaponNormal":"0.400","thrusterNormal":"0.600","steeringNormal":"0.500","chassisNormal":"0.400","gimbalNormal":"0.167","scannerNormal":"1.000"},{"seed":"a9061811-e243-4594-9ae2-9790feac757b","name":"Iunus","weapon":3,"gimbal":2,"steering":3,"thruster":1,"chassis":0,"scanner":1,"colour":5,"skewMod":0,"skew":1,"value":"0.483","weaponNormal":"0.800","thrusterNormal":"0.400","steeringNormal":"0.667","chassisNormal":"0.200","gimbalNormal":"0.500","scannerNormal":"0.333"},{"seed":"a9061811-e243-4594-9ae2-9790feac757b","name":"Yanov","weapon":3,"gimbal":2,"steering":1,"thruster":0,"chassis":2,"scanner":1,"colour":5,"skewMod":0,"skew":1,"value":"0.461","weaponNormal":"0.800","thrusterNormal":"0.200","steeringNormal":"0.333","chassisNormal":"0.600","gimbalNormal":"0.500","scannerNormal":"0.333"},{"seed":"a9061811-e243-4594-9ae2-9790feac757b","name":"Geter","weapon":3,"gimbal":3,"steering":0,"thruster":2,"chassis":0,"scanner":1,"colour":5,"skewMod":0,"skew":1,"value":"0.461","weaponNormal":"0.800","thrusterNormal":"0.600","steeringNormal":"0.167","chassisNormal":"0.200","gimbalNormal":"0.667","scannerNormal":"0.333"}]}