{"id":22,"seed":"d18e4f24-04db-4893-b2f6-0c2790351a91","leader":"Botania","colour":3,"value":"0.746","drones":[{"seed":"d18e4f24-04db-4893-b2f6-0c2790351a91","name":"Botania","weapon":3,"gimbal":2,"steering":5,"thruster":4,"chassis":4,"scanner":3,"colour":3,"skewMod":0,"skew":1,"value":"0.828","weaponNormal":"0.800","thrusterNormal":"1.000","steeringNormal":"1.000","chassisNormal":"1.000","gimbalNormal":"0.500","scannerNormal":"0.667"},{"seed":"d18e4f24-04db-4893-b2f6-0c2790351a91","name":"Jugantu v47.79","weapon":1,"gimbal":2,"steering":4,"thruster":3,"chassis":3,"scanner":5,"colour":3,"skewMod":0,"skew":1,"value":"0.722","weaponNormal":"0.400","thrusterNormal":"0.800","steeringNormal":"0.833","chassisNormal":"0.800","gimbalNormal":"0.500","scannerNormal":"1.000"},{"seed":"d18e4f24-04db-4893-b2f6-0c2790351a91","name":"Tatera","weapon":2,"gimbal":4,"steering":5,"thruster":2,"chassis":0,"scanner":1,"colour":3,"skewMod":0,"skew":1,"value":"0.594","weaponNormal":"0.600","thrusterNormal":"0.600","steeringNormal":"1.000","chassisNormal":"0.200","gimbalNormal":"0.833","scannerNormal":"0.333"},{"seed":"d18e4f24-04db-4893-b2f6-0c2790351a91","name":"Noria v38.39","weapon":4,"gimbal":4,"steering":0,"thruster":3,"chassis":0,"scanner":2,"colour":3,"skewMod":0,"skew":1,"value":"0.583","weaponNormal":"1.000","thrusterNormal":"0.800","steeringNormal":"0.167","chassisNormal":"0.200","gimbalNormal":"0.833","scannerNormal":"0.500"},{"seed":"d18e4f24-04db-4893-b2f6-0c2790351a91","name":"Cathea","weapon":2,"gimbal":2,"steering":0,"thruster":3,"chassis":1,"scanner":3,"colour":3,"skewMod":0,"skew":1,"value":"0.522","weaponNormal":"0.600","thrusterNormal":"0.800","steeringNormal":"0.167","chassisNormal":"0.400","gimbalNormal":"0.500","scannerNormal":"0.667"},{"seed":"d18e4f24-04db-4893-b2f6-0c2790351a91","name":"Vutania","weapon":2,"gimbal":0,"steering":5,"thruster":2,"chassis":0,"scanner":1,"colour":3,"skewMod":0,"skew":1,"value":"0.483","weaponNormal":"0.600","thrusterNormal":"0.600","steeringNormal":"1.000","chassisNormal":"0.200","gimbalNormal":"0.167","scannerNormal":"0.333"}]}