{"id":17,"seed":"962a9ec6-78e7-4ca6-b37f-b5939e3dfc7e","leader":"Nalea","colour":3,"value":"0.707","drones":[{"seed":"962a9ec6-78e7-4ca6-b37f-b5939e3dfc7e","name":"Nalea","weapon":4,"gimbal":5,"steering":1,"thruster":2,"chassis":2,"scanner":2,"colour":3,"skewMod":0,"skew":1,"value":"0.672","weaponNormal":"1.000","thrusterNormal":"0.600","steeringNormal":"0.333","chassisNormal":"0.600","gimbalNormal":"1.000","scannerNormal":"0.500"},{"seed":"962a9ec6-78e7-4ca6-b37f-b5939e3dfc7e","name":"Sarilia","weapon":1,"gimbal":0,"steering":5,"thruster":4,"chassis":3,"scanner":1,"colour":3,"skewMod":0,"skew":1,"value":"0.617","weaponNormal":"0.400","thrusterNormal":"1.000","steeringNormal":"1.000","chassisNormal":"0.800","gimbalNormal":"0.167","scannerNormal":"0.333"},{"seed":"962a9ec6-78e7-4ca6-b37f-b5939e3dfc7e","name":"Navis v1.44","weapon":4,"gimbal":2,"steering":2,"thruster":0,"chassis":2,"scanner":4,"colour":3,"skewMod":0,"skew":1,"value":"0.606","weaponNormal":"1.000","thrusterNormal":"0.200","steeringNormal":"0.500","chassisNormal":"0.600","gimbalNormal":"0.500","scannerNormal":"0.833"},{"seed":"962a9ec6-78e7-4ca6-b37f-b5939e3dfc7e","name":"Lutov","weapon":4,"gimbal":0,"steering":5,"thruster":1,"chassis":3,"scanner":0,"colour":3,"skewMod":0,"skew":1,"value":"0.589","weaponNormal":"1.000","thrusterNormal":"0.400","steeringNormal":"1.000","chassisNormal":"0.800","gimbalNormal":"0.167","scannerNormal":"0.167"},{"seed":"962a9ec6-78e7-4ca6-b37f-b5939e3dfc7e","name":"Derilia v35.46","weapon":2,"gimbal":3,"steering":0,"thruster":3,"chassis":2,"scanner":2,"colour":3,"skewMod":0,"skew":1,"value":"0.556","weaponNormal":"0.600","thrusterNormal":"0.800","steeringNormal":"0.167","chassisNormal":"0.600","gimbalNormal":"0.667","scannerNormal":"0.500"},{"seed":"962a9ec6-78e7-4ca6-b37f-b5939e3dfc7e","name":"Zeter","weapon":1,"gimbal":1,"steering":1,"thruster":2,"chassis":3,"scanner":2,"colour":3,"skewMod":0,"skew":1,"value":"0.494","weaponNormal":"0.400","thrusterNormal":"0.600","steeringNormal":"0.333","chassisNormal":"0.800","gimbalNormal":"0.333","scannerNormal":"0.500"}]}