{"id":54,"seed":"b3a2f656-6576-4c92-877b-8f90c5e529c4","leader":"Iunus","colour":3,"value":"0.645","drones":[{"seed":"b3a2f656-6576-4c92-877b-8f90c5e529c4","name":"Iunus","weapon":1,"gimbal":5,"steering":5,"thruster":0,"chassis":1,"scanner":5,"colour":3,"skewMod":0,"skew":1,"value":"0.667","weaponNormal":"0.400","thrusterNormal":"0.200","steeringNormal":"1.000","chassisNormal":"0.400","gimbalNormal":"1.000","scannerNormal":"1.000"},{"seed":"b3a2f656-6576-4c92-877b-8f90c5e529c4","name":"Genus Mk X","weapon":2,"gimbal":1,"steering":3,"thruster":3,"chassis":4,"scanner":0,"colour":3,"skewMod":0,"skew":1,"value":"0.595","weaponNormal":"0.600","thrusterNormal":"0.800","steeringNormal":"0.667","chassisNormal":"1.000","gimbalNormal":"0.333","scannerNormal":"0.167"},{"seed":"b3a2f656-6576-4c92-877b-8f90c5e529c4","name":"Jonerth","weapon":3,"gimbal":1,"steering":2,"thruster":2,"chassis":2,"scanner":3,"colour":3,"skewMod":0,"skew":1,"value":"0.583","weaponNormal":"0.800","thrusterNormal":"0.600","steeringNormal":"0.500","chassisNormal":"0.600","gimbalNormal":"0.333","scannerNormal":"0.667"},{"seed":"b3a2f656-6576-4c92-877b-8f90c5e529c4","name":"Ruwei v23.86","weapon":2,"gimbal":1,"steering":2,"thruster":2,"chassis":4,"scanner":1,"colour":3,"skewMod":0,"skew":1,"value":"0.561","weaponNormal":"0.600","thrusterNormal":"0.600","steeringNormal":"0.500","chassisNormal":"1.000","gimbalNormal":"0.333","scannerNormal":"0.333"},{"seed":"b3a2f656-6576-4c92-877b-8f90c5e529c4","name":"Baria","weapon":2,"gimbal":1,"steering":3,"thruster":0,"chassis":1,"scanner":3,"colour":3,"skewMod":0,"skew":1,"value":"0.478","weaponNormal":"0.600","thrusterNormal":"0.200","steeringNormal":"0.667","chassisNormal":"0.400","gimbalNormal":"0.333","scannerNormal":"0.667"},{"seed":"b3a2f656-6576-4c92-877b-8f90c5e529c4","name":"Vothea","weapon":0,"gimbal":1,"steering":0,"thruster":1,"chassis":2,"scanner":1,"colour":3,"skewMod":0,"skew":1,"value":"0.339","weaponNormal":"0.200","thrusterNormal":"0.400","steeringNormal":"0.167","chassisNormal":"0.600","gimbalNormal":"0.333","scannerNormal":"0.333"}]}