{"id":92,"seed":"86ec9f5a-494a-4b97-b354-eb8288e0cb01","leader":"Wunerth","colour":1,"value":"0.630","drones":[{"seed":"86ec9f5a-494a-4b97-b354-eb8288e0cb01","name":"Wunerth","weapon":3,"gimbal":2,"steering":4,"thruster":2,"chassis":2,"scanner":3,"colour":1,"skewMod":0,"skew":1,"value":"0.667","weaponNormal":"0.800","thrusterNormal":"0.600","steeringNormal":"0.833","chassisNormal":"0.600","gimbalNormal":"0.500","scannerNormal":"0.667"},{"seed":"86ec9f5a-494a-4b97-b354-eb8288e0cb01","name":"Rabos v13.11","weapon":3,"gimbal":3,"steering":3,"thruster":2,"chassis":0,"scanner":5,"colour":1,"skewMod":0,"skew":1,"value":"0.656","weaponNormal":"0.800","thrusterNormal":"0.600","steeringNormal":"0.667","chassisNormal":"0.200","gimbalNormal":"0.667","scannerNormal":"1.000"},{"seed":"86ec9f5a-494a-4b97-b354-eb8288e0cb01","name":"Rorus","weapon":0,"gimbal":3,"steering":5,"thruster":2,"chassis":2,"scanner":1,"colour":1,"skewMod":0,"skew":1,"value":"0.567","weaponNormal":"0.200","thrusterNormal":"0.600","steeringNormal":"1.000","chassisNormal":"0.600","gimbalNormal":"0.667","scannerNormal":"0.333"},{"seed":"86ec9f5a-494a-4b97-b354-eb8288e0cb01","name":"Votera Mk XXXII","weapon":3,"gimbal":2,"steering":2,"thruster":3,"chassis":0,"scanner":0,"colour":1,"skewMod":0,"skew":1,"value":"0.494","weaponNormal":"0.800","thrusterNormal":"0.800","steeringNormal":"0.500","chassisNormal":"0.200","gimbalNormal":"0.500","scannerNormal":"0.167"},{"seed":"86ec9f5a-494a-4b97-b354-eb8288e0cb01","name":"Xelia","weapon":0,"gimbal":5,"steering":3,"thruster":1,"chassis":0,"scanner":1,"colour":1,"skewMod":0,"skew":1,"value":"0.467","weaponNormal":"0.200","thrusterNormal":"0.400","steeringNormal":"0.667","chassisNormal":"0.200","gimbalNormal":"1.000","scannerNormal":"0.333"},{"seed":"86ec9f5a-494a-4b97-b354-eb8288e0cb01","name":"Janov","weapon":1,"gimbal":0,"steering":1,"thruster":0,"chassis":0,"scanner":2,"colour":1,"skewMod":0,"skew":1,"value":"0.300","weaponNormal":"0.400","thrusterNormal":"0.200","steeringNormal":"0.333","chassisNormal":"0.200","gimbalNormal":"0.167","scannerNormal":"0.500"}]}