{"id":7,"seed":"ea4ef69c-f823-432d-abe6-8d497da6b5cc","leader":"Wuwei","colour":5,"value":"0.718","drones":[{"seed":"ea4ef69c-f823-432d-abe6-8d497da6b5cc","name":"Wuwei","weapon":4,"gimbal":2,"steering":5,"thruster":1,"chassis":3,"scanner":2,"colour":5,"skewMod":0,"skew":1,"value":"0.700","weaponNormal":"1.000","thrusterNormal":"0.400","steeringNormal":"1.000","chassisNormal":"0.800","gimbalNormal":"0.500","scannerNormal":"0.500"},{"seed":"ea4ef69c-f823-432d-abe6-8d497da6b5cc","name":"Fonia","weapon":0,"gimbal":5,"steering":5,"thruster":1,"chassis":3,"scanner":3,"colour":5,"skewMod":0,"skew":1,"value":"0.678","weaponNormal":"0.200","thrusterNormal":"0.400","steeringNormal":"1.000","chassisNormal":"0.800","gimbalNormal":"1.000","scannerNormal":"0.667"},{"seed":"ea4ef69c-f823-432d-abe6-8d497da6b5cc","name":"Bostea","weapon":2,"gimbal":0,"steering":5,"thruster":2,"chassis":2,"scanner":5,"colour":5,"skewMod":0,"skew":1,"value":"0.661","weaponNormal":"0.600","thrusterNormal":"0.600","steeringNormal":"1.000","chassisNormal":"0.600","gimbalNormal":"0.167","scannerNormal":"1.000"},{"seed":"ea4ef69c-f823-432d-abe6-8d497da6b5cc","name":"Yawei","weapon":3,"gimbal":2,"steering":3,"thruster":2,"chassis":4,"scanner":1,"colour":5,"skewMod":0,"skew":1,"value":"0.650","weaponNormal":"0.800","thrusterNormal":"0.600","steeringNormal":"0.667","chassisNormal":"1.000","gimbalNormal":"0.500","scannerNormal":"0.333"},{"seed":"ea4ef69c-f823-432d-abe6-8d497da6b5cc","name":"Hunope","weapon":3,"gimbal":4,"steering":1,"thruster":0,"chassis":3,"scanner":0,"colour":5,"skewMod":0,"skew":1,"value":"0.522","weaponNormal":"0.800","thrusterNormal":"0.200","steeringNormal":"0.333","chassisNormal":"0.800","gimbalNormal":"0.833","scannerNormal":"0.167"},{"seed":"ea4ef69c-f823-432d-abe6-8d497da6b5cc","name":"Vobos Mk LXXII","weapon":0,"gimbal":1,"steering":2,"thruster":0,"chassis":0,"scanner":4,"colour":5,"skewMod":0,"skew":1,"value":"0.378","weaponNormal":"0.200","thrusterNormal":"0.200","steeringNormal":"0.500","chassisNormal":"0.200","gimbalNormal":"0.333","scannerNormal":"0.833"}]}