{"id":89,"seed":"aaa4ff61-e9cb-4b2b-a6e8-3cb8560796dc","leader":"Wabos","colour":4,"value":"0.594","drones":[{"seed":"aaa4ff61-e9cb-4b2b-a6e8-3cb8560796dc","name":"Wabos","weapon":3,"gimbal":3,"steering":2,"thruster":2,"chassis":2,"scanner":2,"colour":4,"skewMod":0,"skew":1,"value":"0.611","weaponNormal":"0.800","thrusterNormal":"0.600","steeringNormal":"0.500","chassisNormal":"0.600","gimbalNormal":"0.667","scannerNormal":"0.500"},{"seed":"aaa4ff61-e9cb-4b2b-a6e8-3cb8560796dc","name":"Rocury v27.26","weapon":2,"gimbal":4,"steering":3,"thruster":0,"chassis":2,"scanner":3,"colour":4,"skewMod":0,"skew":1,"value":"0.595","weaponNormal":"0.600","thrusterNormal":"0.200","steeringNormal":"0.667","chassisNormal":"0.600","gimbalNormal":"0.833","scannerNormal":"0.667"},{"seed":"aaa4ff61-e9cb-4b2b-a6e8-3cb8560796dc","name":"Joria","weapon":2,"gimbal":1,"steering":2,"thruster":2,"chassis":2,"scanner":2,"colour":4,"skewMod":0,"skew":1,"value":"0.522","weaponNormal":"0.600","thrusterNormal":"0.600","steeringNormal":"0.500","chassisNormal":"0.600","gimbalNormal":"0.333","scannerNormal":"0.500"},{"seed":"aaa4ff61-e9cb-4b2b-a6e8-3cb8560796dc","name":"Zetune v48.52","weapon":1,"gimbal":0,"steering":3,"thruster":1,"chassis":2,"scanner":2,"colour":4,"skewMod":0,"skew":1,"value":"0.456","weaponNormal":"0.400","thrusterNormal":"0.400","steeringNormal":"0.667","chassisNormal":"0.600","gimbalNormal":"0.167","scannerNormal":"0.500"},{"seed":"aaa4ff61-e9cb-4b2b-a6e8-3cb8560796dc","name":"Vopra","weapon":0,"gimbal":0,"steering":4,"thruster":4,"chassis":0,"scanner":0,"colour":4,"skewMod":0,"skew":1,"value":"0.428","weaponNormal":"0.200","thrusterNormal":"1.000","steeringNormal":"0.833","chassisNormal":"0.200","gimbalNormal":"0.167","scannerNormal":"0.167"},{"seed":"aaa4ff61-e9cb-4b2b-a6e8-3cb8560796dc","name":"Koter","weapon":0,"gimbal":2,"steering":3,"thruster":1,"chassis":0,"scanner":0,"colour":4,"skewMod":0,"skew":1,"value":"0.356","weaponNormal":"0.200","thrusterNormal":"0.400","steeringNormal":"0.667","chassisNormal":"0.200","gimbalNormal":"0.500","scannerNormal":"0.167"}]}