{"id":62,"seed":"d3b40161-c74a-4507-9b19-02ab9a6ab807","leader":"Togawa v32.47","colour":0,"value":"0.738","drones":[{"seed":"d3b40161-c74a-4507-9b19-02ab9a6ab807","name":"Togawa v32.47","weapon":3,"gimbal":4,"steering":1,"thruster":4,"chassis":3,"scanner":2,"colour":0,"skewMod":0,"skew":1,"value":"0.711","weaponNormal":"0.800","thrusterNormal":"1.000","steeringNormal":"0.333","chassisNormal":"0.800","gimbalNormal":"0.833","scannerNormal":"0.500"},{"seed":"d3b40161-c74a-4507-9b19-02ab9a6ab807","name":"Iamia","weapon":0,"gimbal":2,"steering":2,"thruster":4,"chassis":4,"scanner":5,"colour":0,"skewMod":0,"skew":1,"value":"0.700","weaponNormal":"0.200","thrusterNormal":"1.000","steeringNormal":"0.500","chassisNormal":"1.000","gimbalNormal":"0.500","scannerNormal":"1.000"},{"seed":"d3b40161-c74a-4507-9b19-02ab9a6ab807","name":"Tobos Mk IV","weapon":2,"gimbal":5,"steering":0,"thruster":1,"chassis":4,"scanner":3,"colour":0,"skewMod":0,"skew":1,"value":"0.639","weaponNormal":"0.600","thrusterNormal":"0.400","steeringNormal":"0.167","chassisNormal":"1.000","gimbalNormal":"1.000","scannerNormal":"0.667"},{"seed":"d3b40161-c74a-4507-9b19-02ab9a6ab807","name":"Fucury","weapon":1,"gimbal":4,"steering":1,"thruster":2,"chassis":1,"scanner":5,"colour":0,"skewMod":0,"skew":1,"value":"0.594","weaponNormal":"0.400","thrusterNormal":"0.600","steeringNormal":"0.333","chassisNormal":"0.400","gimbalNormal":"0.833","scannerNormal":"1.000"},{"seed":"d3b40161-c74a-4507-9b19-02ab9a6ab807","name":"Tonia","weapon":1,"gimbal":4,"steering":0,"thruster":0,"chassis":3,"scanner":4,"colour":0,"skewMod":0,"skew":1,"value":"0.539","weaponNormal":"0.400","thrusterNormal":"0.200","steeringNormal":"0.167","chassisNormal":"0.800","gimbalNormal":"0.833","scannerNormal":"0.833"},{"seed":"d3b40161-c74a-4507-9b19-02ab9a6ab807","name":"Iestea","weapon":0,"gimbal":0,"steering":0,"thruster":4,"chassis":4,"scanner":2,"colour":0,"skewMod":0,"skew":1,"value":"0.506","weaponNormal":"0.200","thrusterNormal":"1.000","steeringNormal":"0.167","chassisNormal":"1.000","gimbalNormal":"0.167","scannerNormal":"0.500"}]}