{"id":71,"seed":"129ab9f9-7fd7-41cd-b614-f6eb7abf7aea","leader":"Lastea","colour":4,"value":"0.713","drones":[{"seed":"129ab9f9-7fd7-41cd-b614-f6eb7abf7aea","name":"Lastea","weapon":1,"gimbal":5,"steering":3,"thruster":3,"chassis":3,"scanner":4,"colour":4,"skewMod":0,"skew":1,"value":"0.750","weaponNormal":"0.400","thrusterNormal":"0.800","steeringNormal":"0.667","chassisNormal":"0.800","gimbalNormal":"1.000","scannerNormal":"0.833"},{"seed":"129ab9f9-7fd7-41cd-b614-f6eb7abf7aea","name":"Fenides","weapon":4,"gimbal":5,"steering":5,"thruster":3,"chassis":1,"scanner":0,"colour":4,"skewMod":0,"skew":1,"value":"0.728","weaponNormal":"1.000","thrusterNormal":"0.800","steeringNormal":"1.000","chassisNormal":"0.400","gimbalNormal":"1.000","scannerNormal":"0.167"},{"seed":"129ab9f9-7fd7-41cd-b614-f6eb7abf7aea","name":"Netania","weapon":2,"gimbal":1,"steering":3,"thruster":3,"chassis":0,"scanner":4,"colour":4,"skewMod":0,"skew":1,"value":"0.572","weaponNormal":"0.600","thrusterNormal":"0.800","steeringNormal":"0.667","chassisNormal":"0.200","gimbalNormal":"0.333","scannerNormal":"0.833"},{"seed":"129ab9f9-7fd7-41cd-b614-f6eb7abf7aea","name":"Qonus","weapon":1,"gimbal":0,"steering":5,"thruster":1,"chassis":4,"scanner":1,"colour":4,"skewMod":0,"skew":1,"value":"0.550","weaponNormal":"0.400","thrusterNormal":"0.400","steeringNormal":"1.000","chassisNormal":"1.000","gimbalNormal":"0.167","scannerNormal":"0.333"},{"seed":"129ab9f9-7fd7-41cd-b614-f6eb7abf7aea","name":"Caliv","weapon":1,"gimbal":4,"steering":4,"thruster":0,"chassis":3,"scanner":0,"colour":4,"skewMod":0,"skew":1,"value":"0.539","weaponNormal":"0.400","thrusterNormal":"0.200","steeringNormal":"0.833","chassisNormal":"0.800","gimbalNormal":"0.833","scannerNormal":"0.167"},{"seed":"129ab9f9-7fd7-41cd-b614-f6eb7abf7aea","name":"Yowei v42.71","weapon":1,"gimbal":2,"steering":0,"thruster":3,"chassis":0,"scanner":2,"colour":4,"skewMod":0,"skew":1,"value":"0.428","weaponNormal":"0.400","thrusterNormal":"0.800","steeringNormal":"0.167","chassisNormal":"0.200","gimbalNormal":"0.500","scannerNormal":"0.500"}]}