{"id":12,"seed":"701cc025-8403-4b86-958c-551e945ed2b4","leader":"Zustea","colour":4,"value":"0.821","drones":[{"seed":"701cc025-8403-4b86-958c-551e945ed2b4","name":"Zustea","weapon":4,"gimbal":1,"steering":3,"thruster":4,"chassis":3,"scanner":3,"colour":4,"skewMod":0,"skew":1,"value":"0.744","weaponNormal":"1.000","thrusterNormal":"1.000","steeringNormal":"0.667","chassisNormal":"0.800","gimbalNormal":"0.333","scannerNormal":"0.667"},{"seed":"701cc025-8403-4b86-958c-551e945ed2b4","name":"Woturn","weapon":0,"gimbal":4,"steering":5,"thruster":4,"chassis":3,"scanner":2,"colour":4,"skewMod":0,"skew":1,"value":"0.722","weaponNormal":"0.200","thrusterNormal":"1.000","steeringNormal":"1.000","chassisNormal":"0.800","gimbalNormal":"0.833","scannerNormal":"0.500"},{"seed":"701cc025-8403-4b86-958c-551e945ed2b4","name":"Quyama v1.65","weapon":3,"gimbal":5,"steering":3,"thruster":3,"chassis":3,"scanner":0,"colour":4,"skewMod":0,"skew":1,"value":"0.706","weaponNormal":"0.800","thrusterNormal":"0.800","steeringNormal":"0.667","chassisNormal":"0.800","gimbalNormal":"1.000","scannerNormal":"0.167"},{"seed":"701cc025-8403-4b86-958c-551e945ed2b4","name":"Xotera","weapon":4,"gimbal":3,"steering":1,"thruster":4,"chassis":0,"scanner":4,"colour":4,"skewMod":0,"skew":1,"value":"0.672","weaponNormal":"1.000","thrusterNormal":"1.000","steeringNormal":"0.333","chassisNormal":"0.200","gimbalNormal":"0.667","scannerNormal":"0.833"},{"seed":"701cc025-8403-4b86-958c-551e945ed2b4","name":"Zobos Mk XCIV","weapon":4,"gimbal":1,"steering":2,"thruster":4,"chassis":3,"scanner":0,"colour":4,"skewMod":0,"skew":1,"value":"0.633","weaponNormal":"1.000","thrusterNormal":"1.000","steeringNormal":"0.500","chassisNormal":"0.800","gimbalNormal":"0.333","scannerNormal":"0.167"},{"seed":"701cc025-8403-4b86-958c-551e945ed2b4","name":"Qophus","weapon":3,"gimbal":5,"steering":4,"thruster":2,"chassis":0,"scanner":1,"colour":4,"skewMod":0,"skew":1,"value":"0.628","weaponNormal":"0.800","thrusterNormal":"0.600","steeringNormal":"0.833","chassisNormal":"0.200","gimbalNormal":"1.000","scannerNormal":"0.333"}]}