{"id":96,"seed":"dcaea432-65da-4b71-ad4c-ee12623e16b8","leader":"Sacarro","colour":0,"value":"0.700","drones":[{"seed":"dcaea432-65da-4b71-ad4c-ee12623e16b8","name":"Sacarro","weapon":4,"gimbal":5,"steering":5,"thruster":1,"chassis":2,"scanner":4,"colour":0,"skewMod":0,"skew":1,"value":"0.805","weaponNormal":"1.000","thrusterNormal":"0.400","steeringNormal":"1.000","chassisNormal":"0.600","gimbalNormal":"1.000","scannerNormal":"0.833"},{"seed":"dcaea432-65da-4b71-ad4c-ee12623e16b8","name":"Gonov","weapon":3,"gimbal":2,"steering":2,"thruster":2,"chassis":4,"scanner":2,"colour":0,"skewMod":0,"skew":1,"value":"0.650","weaponNormal":"0.800","thrusterNormal":"0.600","steeringNormal":"0.500","chassisNormal":"1.000","gimbalNormal":"0.500","scannerNormal":"0.500"},{"seed":"dcaea432-65da-4b71-ad4c-ee12623e16b8","name":"Bephus Mk XLVIII","weapon":4,"gimbal":1,"steering":4,"thruster":2,"chassis":2,"scanner":1,"colour":0,"skewMod":0,"skew":1,"value":"0.617","weaponNormal":"1.000","thrusterNormal":"0.600","steeringNormal":"0.833","chassisNormal":"0.600","gimbalNormal":"0.333","scannerNormal":"0.333"},{"seed":"dcaea432-65da-4b71-ad4c-ee12623e16b8","name":"Locarro Mk XXXVI","weapon":1,"gimbal":3,"steering":4,"thruster":1,"chassis":0,"scanner":2,"colour":0,"skewMod":0,"skew":1,"value":"0.500","weaponNormal":"0.400","thrusterNormal":"0.400","steeringNormal":"0.833","chassisNormal":"0.200","gimbalNormal":"0.667","scannerNormal":"0.500"},{"seed":"dcaea432-65da-4b71-ad4c-ee12623e16b8","name":"Tanerth","weapon":0,"gimbal":0,"steering":3,"thruster":3,"chassis":3,"scanner":0,"colour":0,"skewMod":0,"skew":1,"value":"0.467","weaponNormal":"0.200","thrusterNormal":"0.800","steeringNormal":"0.667","chassisNormal":"0.800","gimbalNormal":"0.167","scannerNormal":"0.167"},{"seed":"dcaea432-65da-4b71-ad4c-ee12623e16b8","name":"Paphus v31.14","weapon":3,"gimbal":3,"steering":1,"thruster":0,"chassis":2,"scanner":0,"colour":0,"skewMod":0,"skew":1,"value":"0.461","weaponNormal":"0.800","thrusterNormal":"0.200","steeringNormal":"0.333","chassisNormal":"0.600","gimbalNormal":"0.667","scannerNormal":"0.167"}]}