{"id":48,"seed":"0d9a1d50-3ae4-4ed4-98e5-80e1eb057354","leader":"Verus","colour":1,"value":"0.729","drones":[{"seed":"0d9a1d50-3ae4-4ed4-98e5-80e1eb057354","name":"Verus","weapon":1,"gimbal":5,"steering":3,"thruster":4,"chassis":3,"scanner":5,"colour":1,"skewMod":0,"skew":1,"value":"0.811","weaponNormal":"0.400","thrusterNormal":"1.000","steeringNormal":"0.667","chassisNormal":"0.800","gimbalNormal":"1.000","scannerNormal":"1.000"},{"seed":"0d9a1d50-3ae4-4ed4-98e5-80e1eb057354","name":"Zetis Mk LXVI","weapon":2,"gimbal":4,"steering":0,"thruster":2,"chassis":4,"scanner":4,"colour":1,"skewMod":0,"skew":1,"value":"0.672","weaponNormal":"0.600","thrusterNormal":"0.600","steeringNormal":"0.167","chassisNormal":"1.000","gimbalNormal":"0.833","scannerNormal":"0.833"},{"seed":"0d9a1d50-3ae4-4ed4-98e5-80e1eb057354","name":"Xecury","weapon":1,"gimbal":1,"steering":4,"thruster":0,"chassis":3,"scanner":5,"colour":1,"skewMod":0,"skew":1,"value":"0.594","weaponNormal":"0.400","thrusterNormal":"0.200","steeringNormal":"0.833","chassisNormal":"0.800","gimbalNormal":"0.333","scannerNormal":"1.000"},{"seed":"0d9a1d50-3ae4-4ed4-98e5-80e1eb057354","name":"Loria v35.16","weapon":2,"gimbal":3,"steering":0,"thruster":3,"chassis":2,"scanner":3,"colour":1,"skewMod":0,"skew":1,"value":"0.583","weaponNormal":"0.600","thrusterNormal":"0.800","steeringNormal":"0.167","chassisNormal":"0.600","gimbalNormal":"0.667","scannerNormal":"0.667"},{"seed":"0d9a1d50-3ae4-4ed4-98e5-80e1eb057354","name":"Wacarro","weapon":4,"gimbal":0,"steering":4,"thruster":0,"chassis":0,"scanner":3,"colour":1,"skewMod":0,"skew":1,"value":"0.511","weaponNormal":"1.000","thrusterNormal":"0.200","steeringNormal":"0.833","chassisNormal":"0.200","gimbalNormal":"0.167","scannerNormal":"0.667"},{"seed":"0d9a1d50-3ae4-4ed4-98e5-80e1eb057354","name":"Qomia","weapon":0,"gimbal":1,"steering":5,"thruster":2,"chassis":0,"scanner":2,"colour":1,"skewMod":0,"skew":1,"value":"0.472","weaponNormal":"0.200","thrusterNormal":"0.600","steeringNormal":"1.000","chassisNormal":"0.200","gimbalNormal":"0.333","scannerNormal":"0.500"}]}