{"id":32,"seed":"4363da1a-49ab-4e1a-a2b8-2ecd008bfbe9","leader":"Xuturn Mk XXV","colour":1,"value":"0.683","drones":[{"seed":"4363da1a-49ab-4e1a-a2b8-2ecd008bfbe9","name":"Xuturn Mk XXV","weapon":2,"gimbal":3,"steering":5,"thruster":3,"chassis":3,"scanner":1,"colour":1,"skewMod":0,"skew":1,"value":"0.700","weaponNormal":"0.600","thrusterNormal":"0.800","steeringNormal":"1.000","chassisNormal":"0.800","gimbalNormal":"0.667","scannerNormal":"0.333"},{"seed":"4363da1a-49ab-4e1a-a2b8-2ecd008bfbe9","name":"Nemia","weapon":4,"gimbal":0,"steering":4,"thruster":0,"chassis":3,"scanner":4,"colour":1,"skewMod":0,"skew":1,"value":"0.639","weaponNormal":"1.000","thrusterNormal":"0.200","steeringNormal":"0.833","chassisNormal":"0.800","gimbalNormal":"0.167","scannerNormal":"0.833"},{"seed":"4363da1a-49ab-4e1a-a2b8-2ecd008bfbe9","name":"Sater","weapon":1,"gimbal":3,"steering":2,"thruster":1,"chassis":4,"scanner":2,"colour":1,"skewMod":0,"skew":1,"value":"0.578","weaponNormal":"0.400","thrusterNormal":"0.400","steeringNormal":"0.500","chassisNormal":"1.000","gimbalNormal":"0.667","scannerNormal":"0.500"},{"seed":"4363da1a-49ab-4e1a-a2b8-2ecd008bfbe9","name":"Xanerth v32.6","weapon":4,"gimbal":5,"steering":1,"thruster":1,"chassis":0,"scanner":2,"colour":1,"skewMod":0,"skew":1,"value":"0.572","weaponNormal":"1.000","thrusterNormal":"0.400","steeringNormal":"0.333","chassisNormal":"0.200","gimbalNormal":"1.000","scannerNormal":"0.500"},{"seed":"4363da1a-49ab-4e1a-a2b8-2ecd008bfbe9","name":"Jetune v18.41","weapon":0,"gimbal":3,"steering":5,"thruster":3,"chassis":1,"scanner":0,"colour":1,"skewMod":0,"skew":1,"value":"0.539","weaponNormal":"0.200","thrusterNormal":"0.800","steeringNormal":"1.000","chassisNormal":"0.400","gimbalNormal":"0.667","scannerNormal":"0.167"},{"seed":"4363da1a-49ab-4e1a-a2b8-2ecd008bfbe9","name":"Kenerth","weapon":2,"gimbal":2,"steering":3,"thruster":0,"chassis":0,"scanner":0,"colour":1,"skewMod":0,"skew":1,"value":"0.389","weaponNormal":"0.600","thrusterNormal":"0.200","steeringNormal":"0.667","chassisNormal":"0.200","gimbalNormal":"0.500","scannerNormal":"0.167"}]}