{"id":74,"seed":"4d0c1652-112f-433e-aea7-dc37212a240c","leader":"Lavis","colour":4,"value":"0.771","drones":[{"seed":"4d0c1652-112f-433e-aea7-dc37212a240c","name":"Lavis","weapon":4,"gimbal":3,"steering":5,"thruster":3,"chassis":3,"scanner":3,"colour":4,"skewMod":0,"skew":1,"value":"0.822","weaponNormal":"1.000","thrusterNormal":"0.800","steeringNormal":"1.000","chassisNormal":"0.800","gimbalNormal":"0.667","scannerNormal":"0.667"},{"seed":"4d0c1652-112f-433e-aea7-dc37212a240c","name":"Volea","weapon":3,"gimbal":5,"steering":2,"thruster":0,"chassis":3,"scanner":3,"colour":4,"skewMod":0,"skew":1,"value":"0.661","weaponNormal":"0.800","thrusterNormal":"0.200","steeringNormal":"0.500","chassisNormal":"0.800","gimbalNormal":"1.000","scannerNormal":"0.667"},{"seed":"4d0c1652-112f-433e-aea7-dc37212a240c","name":"Totania","weapon":2,"gimbal":4,"steering":5,"thruster":0,"chassis":3,"scanner":2,"colour":4,"skewMod":0,"skew":1,"value":"0.655","weaponNormal":"0.600","thrusterNormal":"0.200","steeringNormal":"1.000","chassisNormal":"0.800","gimbalNormal":"0.833","scannerNormal":"0.500"},{"seed":"4d0c1652-112f-433e-aea7-dc37212a240c","name":"Gulara","weapon":4,"gimbal":2,"steering":1,"thruster":0,"chassis":4,"scanner":4,"colour":4,"skewMod":0,"skew":1,"value":"0.644","weaponNormal":"1.000","thrusterNormal":"0.200","steeringNormal":"0.333","chassisNormal":"1.000","gimbalNormal":"0.500","scannerNormal":"0.833"},{"seed":"4d0c1652-112f-433e-aea7-dc37212a240c","name":"Zostea Mk XLIV","weapon":3,"gimbal":5,"steering":1,"thruster":0,"chassis":1,"scanner":4,"colour":4,"skewMod":0,"skew":1,"value":"0.594","weaponNormal":"0.800","thrusterNormal":"0.200","steeringNormal":"0.333","chassisNormal":"0.400","gimbalNormal":"1.000","scannerNormal":"0.833"},{"seed":"4d0c1652-112f-433e-aea7-dc37212a240c","name":"Sehiri Mk LXXVII","weapon":0,"gimbal":4,"steering":3,"thruster":0,"chassis":3,"scanner":0,"colour":4,"skewMod":0,"skew":1,"value":"0.478","weaponNormal":"0.200","thrusterNormal":"0.200","steeringNormal":"0.667","chassisNormal":"0.800","gimbalNormal":"0.833","scannerNormal":"0.167"}]}