{"id":64,"seed":"33d4062b-09e8-4eba-8656-8ad8e49607b5","leader":"Jatania","colour":4,"value":"0.703","drones":[{"seed":"33d4062b-09e8-4eba-8656-8ad8e49607b5","name":"Jatania","weapon":4,"gimbal":4,"steering":1,"thruster":3,"chassis":1,"scanner":5,"colour":4,"skewMod":0,"skew":1,"value":"0.728","weaponNormal":"1.000","thrusterNormal":"0.800","steeringNormal":"0.333","chassisNormal":"0.400","gimbalNormal":"0.833","scannerNormal":"1.000"},{"seed":"33d4062b-09e8-4eba-8656-8ad8e49607b5","name":"Yarilia Mk I","weapon":4,"gimbal":0,"steering":0,"thruster":4,"chassis":3,"scanner":4,"colour":4,"skewMod":0,"skew":1,"value":"0.661","weaponNormal":"1.000","thrusterNormal":"1.000","steeringNormal":"0.167","chassisNormal":"0.800","gimbalNormal":"0.167","scannerNormal":"0.833"},{"seed":"33d4062b-09e8-4eba-8656-8ad8e49607b5","name":"Rutania","weapon":1,"gimbal":5,"steering":1,"thruster":3,"chassis":4,"scanner":1,"colour":4,"skewMod":0,"skew":1,"value":"0.644","weaponNormal":"0.400","thrusterNormal":"0.800","steeringNormal":"0.333","chassisNormal":"1.000","gimbalNormal":"1.000","scannerNormal":"0.333"},{"seed":"33d4062b-09e8-4eba-8656-8ad8e49607b5","name":"Ruhiri","weapon":0,"gimbal":2,"steering":3,"thruster":4,"chassis":3,"scanner":1,"colour":4,"skewMod":0,"skew":1,"value":"0.583","weaponNormal":"0.200","thrusterNormal":"1.000","steeringNormal":"0.667","chassisNormal":"0.800","gimbalNormal":"0.500","scannerNormal":"0.333"},{"seed":"33d4062b-09e8-4eba-8656-8ad8e49607b5","name":"Sevis","weapon":0,"gimbal":1,"steering":4,"thruster":3,"chassis":1,"scanner":1,"colour":4,"skewMod":0,"skew":1,"value":"0.483","weaponNormal":"0.200","thrusterNormal":"0.800","steeringNormal":"0.833","chassisNormal":"0.400","gimbalNormal":"0.333","scannerNormal":"0.333"},{"seed":"33d4062b-09e8-4eba-8656-8ad8e49607b5","name":"Yenov Mk LXV","weapon":1,"gimbal":5,"steering":1,"thruster":1,"chassis":0,"scanner":0,"colour":4,"skewMod":0,"skew":1,"value":"0.417","weaponNormal":"0.400","thrusterNormal":"0.400","steeringNormal":"0.333","chassisNormal":"0.200","gimbalNormal":"1.000","scannerNormal":"0.167"}]}