{"id":26,"seed":"33c3ac05-d0f0-4638-a3f3-25ff0f381b4f","leader":"Seyama","colour":1,"value":"0.749","drones":[{"seed":"33c3ac05-d0f0-4638-a3f3-25ff0f381b4f","name":"Seyama","weapon":4,"gimbal":4,"steering":2,"thruster":3,"chassis":2,"scanner":4,"colour":1,"skewMod":0,"skew":1,"value":"0.761","weaponNormal":"1.000","thrusterNormal":"0.800","steeringNormal":"0.500","chassisNormal":"0.600","gimbalNormal":"0.833","scannerNormal":"0.833"},{"seed":"33c3ac05-d0f0-4638-a3f3-25ff0f381b4f","name":"Mopra","weapon":4,"gimbal":1,"steering":5,"thruster":3,"chassis":3,"scanner":2,"colour":1,"skewMod":0,"skew":1,"value":"0.739","weaponNormal":"1.000","thrusterNormal":"0.800","steeringNormal":"1.000","chassisNormal":"0.800","gimbalNormal":"0.333","scannerNormal":"0.500"},{"seed":"33c3ac05-d0f0-4638-a3f3-25ff0f381b4f","name":"Famia","weapon":4,"gimbal":5,"steering":1,"thruster":0,"chassis":3,"scanner":2,"colour":1,"skewMod":0,"skew":1,"value":"0.639","weaponNormal":"1.000","thrusterNormal":"0.200","steeringNormal":"0.333","chassisNormal":"0.800","gimbalNormal":"1.000","scannerNormal":"0.500"},{"seed":"33c3ac05-d0f0-4638-a3f3-25ff0f381b4f","name":"Laliv","weapon":1,"gimbal":2,"steering":2,"thruster":4,"chassis":4,"scanner":0,"colour":1,"skewMod":0,"skew":1,"value":"0.594","weaponNormal":"0.400","thrusterNormal":"1.000","steeringNormal":"0.500","chassisNormal":"1.000","gimbalNormal":"0.500","scannerNormal":"0.167"},{"seed":"33c3ac05-d0f0-4638-a3f3-25ff0f381b4f","name":"Rastea","weapon":1,"gimbal":2,"steering":4,"thruster":0,"chassis":4,"scanner":0,"colour":1,"skewMod":0,"skew":1,"value":"0.517","weaponNormal":"0.400","thrusterNormal":"0.200","steeringNormal":"0.833","chassisNormal":"1.000","gimbalNormal":"0.500","scannerNormal":"0.167"},{"seed":"33c3ac05-d0f0-4638-a3f3-25ff0f381b4f","name":"Iunerth Mk LXIII","weapon":2,"gimbal":0,"steering":2,"thruster":1,"chassis":3,"scanner":2,"colour":1,"skewMod":0,"skew":1,"value":"0.494","weaponNormal":"0.600","thrusterNormal":"0.400","steeringNormal":"0.500","chassisNormal":"0.800","gimbalNormal":"0.167","scannerNormal":"0.500"}]}