{"id":42,"seed":"b3d0e5b3-3567-4e23-8eeb-d3f26c9f7d1e","leader":"Logawa","colour":0,"value":"0.775","drones":[{"seed":"b3d0e5b3-3567-4e23-8eeb-d3f26c9f7d1e","name":"Logawa","weapon":0,"gimbal":5,"steering":5,"thruster":3,"chassis":4,"scanner":5,"colour":0,"skewMod":0,"skew":1,"value":"0.833","weaponNormal":"0.200","thrusterNormal":"0.800","steeringNormal":"1.000","chassisNormal":"1.000","gimbalNormal":"1.000","scannerNormal":"1.000"},{"seed":"b3d0e5b3-3567-4e23-8eeb-d3f26c9f7d1e","name":"Tetis v8.27","weapon":3,"gimbal":3,"steering":4,"thruster":3,"chassis":0,"scanner":3,"colour":0,"skewMod":0,"skew":1,"value":"0.661","weaponNormal":"0.800","thrusterNormal":"0.800","steeringNormal":"0.833","chassisNormal":"0.200","gimbalNormal":"0.667","scannerNormal":"0.667"},{"seed":"b3d0e5b3-3567-4e23-8eeb-d3f26c9f7d1e","name":"Cetune","weapon":0,"gimbal":4,"steering":4,"thruster":3,"chassis":3,"scanner":2,"colour":0,"skewMod":0,"skew":1,"value":"0.661","weaponNormal":"0.200","thrusterNormal":"0.800","steeringNormal":"0.833","chassisNormal":"0.800","gimbalNormal":"0.833","scannerNormal":"0.500"},{"seed":"b3d0e5b3-3567-4e23-8eeb-d3f26c9f7d1e","name":"Qepra Mk VI","weapon":3,"gimbal":3,"steering":0,"thruster":0,"chassis":4,"scanner":4,"colour":0,"skewMod":0,"skew":1,"value":"0.611","weaponNormal":"0.800","thrusterNormal":"0.200","steeringNormal":"0.167","chassisNormal":"1.000","gimbalNormal":"0.667","scannerNormal":"0.833"},{"seed":"b3d0e5b3-3567-4e23-8eeb-d3f26c9f7d1e","name":"Qanides","weapon":3,"gimbal":4,"steering":2,"thruster":1,"chassis":1,"scanner":2,"colour":0,"skewMod":0,"skew":1,"value":"0.572","weaponNormal":"0.800","thrusterNormal":"0.400","steeringNormal":"0.500","chassisNormal":"0.400","gimbalNormal":"0.833","scannerNormal":"0.500"},{"seed":"b3d0e5b3-3567-4e23-8eeb-d3f26c9f7d1e","name":"Rutania v9.51","weapon":0,"gimbal":2,"steering":1,"thruster":1,"chassis":3,"scanner":5,"colour":0,"skewMod":0,"skew":1,"value":"0.539","weaponNormal":"0.200","thrusterNormal":"0.400","steeringNormal":"0.333","chassisNormal":"0.800","gimbalNormal":"0.500","scannerNormal":"1.000"}]}