{"id":78,"seed":"5fc00d68-c404-41fd-97d7-f01397ee9afc","leader":"Iuphus v40.3","colour":4,"value":"0.776","drones":[{"seed":"5fc00d68-c404-41fd-97d7-f01397ee9afc","name":"Iuphus v40.3","weapon":1,"gimbal":5,"steering":4,"thruster":4,"chassis":3,"scanner":5,"colour":4,"skewMod":0,"skew":1,"value":"0.839","weaponNormal":"0.400","thrusterNormal":"1.000","steeringNormal":"0.833","chassisNormal":"0.800","gimbalNormal":"1.000","scannerNormal":"1.000"},{"seed":"5fc00d68-c404-41fd-97d7-f01397ee9afc","name":"Mubos","weapon":1,"gimbal":4,"steering":2,"thruster":4,"chassis":4,"scanner":1,"colour":4,"skewMod":0,"skew":1,"value":"0.678","weaponNormal":"0.400","thrusterNormal":"1.000","steeringNormal":"0.500","chassisNormal":"1.000","gimbalNormal":"0.833","scannerNormal":"0.333"},{"seed":"5fc00d68-c404-41fd-97d7-f01397ee9afc","name":"Sarilia","weapon":2,"gimbal":2,"steering":0,"thruster":3,"chassis":4,"scanner":5,"colour":4,"skewMod":0,"skew":1,"value":"0.678","weaponNormal":"0.600","thrusterNormal":"0.800","steeringNormal":"0.167","chassisNormal":"1.000","gimbalNormal":"0.500","scannerNormal":"1.000"},{"seed":"5fc00d68-c404-41fd-97d7-f01397ee9afc","name":"Nunides","weapon":2,"gimbal":2,"steering":0,"thruster":2,"chassis":4,"scanner":5,"colour":4,"skewMod":0,"skew":1,"value":"0.644","weaponNormal":"0.600","thrusterNormal":"0.600","steeringNormal":"0.167","chassisNormal":"1.000","gimbalNormal":"0.500","scannerNormal":"1.000"},{"seed":"5fc00d68-c404-41fd-97d7-f01397ee9afc","name":"Mawei","weapon":1,"gimbal":5,"steering":1,"thruster":0,"chassis":3,"scanner":2,"colour":4,"skewMod":0,"skew":1,"value":"0.539","weaponNormal":"0.400","thrusterNormal":"0.200","steeringNormal":"0.333","chassisNormal":"0.800","gimbalNormal":"1.000","scannerNormal":"0.500"},{"seed":"5fc00d68-c404-41fd-97d7-f01397ee9afc","name":"Peliv Mk XXVII","weapon":0,"gimbal":2,"steering":2,"thruster":2,"chassis":0,"scanner":5,"colour":4,"skewMod":0,"skew":1,"value":"0.500","weaponNormal":"0.200","thrusterNormal":"0.600","steeringNormal":"0.500","chassisNormal":"0.200","gimbalNormal":"0.500","scannerNormal":"1.000"}]}