{"id":60,"seed":"2b310e81-b13c-42c8-aea1-56daeda5f5d2","leader":"Ruter Mk I","colour":2,"value":"0.706","drones":[{"seed":"2b310e81-b13c-42c8-aea1-56daeda5f5d2","name":"Ruter Mk I","weapon":3,"gimbal":4,"steering":2,"thruster":4,"chassis":2,"scanner":1,"colour":2,"skewMod":0,"skew":1,"value":"0.678","weaponNormal":"0.800","thrusterNormal":"1.000","steeringNormal":"0.500","chassisNormal":"0.600","gimbalNormal":"0.833","scannerNormal":"0.333"},{"seed":"2b310e81-b13c-42c8-aea1-56daeda5f5d2","name":"Peturn","weapon":4,"gimbal":5,"steering":2,"thruster":3,"chassis":1,"scanner":1,"colour":2,"skewMod":0,"skew":1,"value":"0.672","weaponNormal":"1.000","thrusterNormal":"0.800","steeringNormal":"0.500","chassisNormal":"0.400","gimbalNormal":"1.000","scannerNormal":"0.333"},{"seed":"2b310e81-b13c-42c8-aea1-56daeda5f5d2","name":"Qorus","weapon":4,"gimbal":4,"steering":3,"thruster":1,"chassis":1,"scanner":1,"colour":2,"skewMod":0,"skew":1,"value":"0.606","weaponNormal":"1.000","thrusterNormal":"0.400","steeringNormal":"0.667","chassisNormal":"0.400","gimbalNormal":"0.833","scannerNormal":"0.333"},{"seed":"2b310e81-b13c-42c8-aea1-56daeda5f5d2","name":"Cucarro v37.25","weapon":4,"gimbal":3,"steering":1,"thruster":4,"chassis":0,"scanner":1,"colour":2,"skewMod":0,"skew":1,"value":"0.589","weaponNormal":"1.000","thrusterNormal":"1.000","steeringNormal":"0.333","chassisNormal":"0.200","gimbalNormal":"0.667","scannerNormal":"0.333"},{"seed":"2b310e81-b13c-42c8-aea1-56daeda5f5d2","name":"Zehines","weapon":1,"gimbal":5,"steering":0,"thruster":2,"chassis":3,"scanner":1,"colour":2,"skewMod":0,"skew":1,"value":"0.550","weaponNormal":"0.400","thrusterNormal":"0.600","steeringNormal":"0.167","chassisNormal":"0.800","gimbalNormal":"1.000","scannerNormal":"0.333"},{"seed":"2b310e81-b13c-42c8-aea1-56daeda5f5d2","name":"Bonia","weapon":1,"gimbal":2,"steering":1,"thruster":4,"chassis":0,"scanner":0,"colour":2,"skewMod":0,"skew":1,"value":"0.433","weaponNormal":"0.400","thrusterNormal":"1.000","steeringNormal":"0.333","chassisNormal":"0.200","gimbalNormal":"0.500","scannerNormal":"0.167"}]}