{"id":23,"seed":"fa3b09f3-4812-4a64-bfb1-eb85fe2097a1","leader":"Juvis","colour":5,"value":"0.788","drones":[{"seed":"fa3b09f3-4812-4a64-bfb1-eb85fe2097a1","name":"Juvis","weapon":4,"gimbal":5,"steering":2,"thruster":3,"chassis":4,"scanner":0,"colour":5,"skewMod":0,"skew":1,"value":"0.744","weaponNormal":"1.000","thrusterNormal":"0.800","steeringNormal":"0.500","chassisNormal":"1.000","gimbalNormal":"1.000","scannerNormal":"0.167"},{"seed":"fa3b09f3-4812-4a64-bfb1-eb85fe2097a1","name":"Tenerth v8.97","weapon":4,"gimbal":2,"steering":3,"thruster":4,"chassis":1,"scanner":4,"colour":5,"skewMod":0,"skew":1,"value":"0.733","weaponNormal":"1.000","thrusterNormal":"1.000","steeringNormal":"0.667","chassisNormal":"0.400","gimbalNormal":"0.500","scannerNormal":"0.833"},{"seed":"fa3b09f3-4812-4a64-bfb1-eb85fe2097a1","name":"Later v5.81","weapon":3,"gimbal":5,"steering":1,"thruster":4,"chassis":0,"scanner":5,"colour":5,"skewMod":0,"skew":1,"value":"0.722","weaponNormal":"0.800","thrusterNormal":"1.000","steeringNormal":"0.333","chassisNormal":"0.200","gimbalNormal":"1.000","scannerNormal":"1.000"},{"seed":"fa3b09f3-4812-4a64-bfb1-eb85fe2097a1","name":"Dumia","weapon":1,"gimbal":3,"steering":4,"thruster":3,"chassis":3,"scanner":2,"colour":5,"skewMod":0,"skew":1,"value":"0.667","weaponNormal":"0.400","thrusterNormal":"0.800","steeringNormal":"0.833","chassisNormal":"0.800","gimbalNormal":"0.667","scannerNormal":"0.500"},{"seed":"fa3b09f3-4812-4a64-bfb1-eb85fe2097a1","name":"Raria","weapon":1,"gimbal":5,"steering":1,"thruster":4,"chassis":1,"scanner":1,"colour":5,"skewMod":0,"skew":1,"value":"0.578","weaponNormal":"0.400","thrusterNormal":"1.000","steeringNormal":"0.333","chassisNormal":"0.400","gimbalNormal":"1.000","scannerNormal":"0.333"},{"seed":"fa3b09f3-4812-4a64-bfb1-eb85fe2097a1","name":"Ganus v14.54","weapon":4,"gimbal":1,"steering":3,"thruster":2,"chassis":0,"scanner":0,"colour":5,"skewMod":0,"skew":1,"value":"0.495","weaponNormal":"1.000","thrusterNormal":"0.600","steeringNormal":"0.667","chassisNormal":"0.200","gimbalNormal":"0.333","scannerNormal":"0.167"}]}