{"id":13,"seed":"8416fdbe-2b65-4017-9b03-39c7725ccb49","leader":"Gater","colour":1,"value":"0.805","drones":[{"seed":"8416fdbe-2b65-4017-9b03-39c7725ccb49","name":"Gater","weapon":3,"gimbal":2,"steering":4,"thruster":4,"chassis":4,"scanner":5,"colour":1,"skewMod":0,"skew":1,"value":"0.856","weaponNormal":"0.800","thrusterNormal":"1.000","steeringNormal":"0.833","chassisNormal":"1.000","gimbalNormal":"0.500","scannerNormal":"1.000"},{"seed":"8416fdbe-2b65-4017-9b03-39c7725ccb49","name":"Wobos Mk XLVII","weapon":2,"gimbal":3,"steering":5,"thruster":1,"chassis":3,"scanner":4,"colour":1,"skewMod":0,"skew":1,"value":"0.717","weaponNormal":"0.600","thrusterNormal":"0.400","steeringNormal":"1.000","chassisNormal":"0.800","gimbalNormal":"0.667","scannerNormal":"0.833"},{"seed":"8416fdbe-2b65-4017-9b03-39c7725ccb49","name":"Destea","weapon":2,"gimbal":1,"steering":3,"thruster":1,"chassis":4,"scanner":5,"colour":1,"skewMod":0,"skew":1,"value":"0.667","weaponNormal":"0.600","thrusterNormal":"0.400","steeringNormal":"0.667","chassisNormal":"1.000","gimbalNormal":"0.333","scannerNormal":"1.000"},{"seed":"8416fdbe-2b65-4017-9b03-39c7725ccb49","name":"Jetov","weapon":1,"gimbal":4,"steering":2,"thruster":4,"chassis":0,"scanner":5,"colour":1,"skewMod":0,"skew":1,"value":"0.655","weaponNormal":"0.400","thrusterNormal":"1.000","steeringNormal":"0.500","chassisNormal":"0.200","gimbalNormal":"0.833","scannerNormal":"1.000"},{"seed":"8416fdbe-2b65-4017-9b03-39c7725ccb49","name":"Deruta v24.84","weapon":0,"gimbal":5,"steering":5,"thruster":0,"chassis":2,"scanner":3,"colour":1,"skewMod":0,"skew":1,"value":"0.611","weaponNormal":"0.200","thrusterNormal":"0.200","steeringNormal":"1.000","chassisNormal":"0.600","gimbalNormal":"1.000","scannerNormal":"0.667"},{"seed":"8416fdbe-2b65-4017-9b03-39c7725ccb49","name":"Iutania","weapon":0,"gimbal":1,"steering":4,"thruster":2,"chassis":3,"scanner":1,"colour":1,"skewMod":0,"skew":1,"value":"0.517","weaponNormal":"0.200","thrusterNormal":"0.600","steeringNormal":"0.833","chassisNormal":"0.800","gimbalNormal":"0.333","scannerNormal":"0.333"}]}