{"id":33,"seed":"452f2adf-4f2d-4de5-a0a7-c0660a432984","leader":"Vanus","colour":0,"value":"0.725","drones":[{"seed":"452f2adf-4f2d-4de5-a0a7-c0660a432984","name":"Vanus","weapon":1,"gimbal":4,"steering":5,"thruster":1,"chassis":3,"scanner":5,"colour":0,"skewMod":0,"skew":1,"value":"0.739","weaponNormal":"0.400","thrusterNormal":"0.400","steeringNormal":"1.000","chassisNormal":"0.800","gimbalNormal":"0.833","scannerNormal":"1.000"},{"seed":"452f2adf-4f2d-4de5-a0a7-c0660a432984","name":"Feclite Mk VIII","weapon":1,"gimbal":3,"steering":5,"thruster":4,"chassis":2,"scanner":2,"colour":0,"skewMod":0,"skew":1,"value":"0.695","weaponNormal":"0.400","thrusterNormal":"1.000","steeringNormal":"1.000","chassisNormal":"0.600","gimbalNormal":"0.667","scannerNormal":"0.500"},{"seed":"452f2adf-4f2d-4de5-a0a7-c0660a432984","name":"Kanope","weapon":2,"gimbal":5,"steering":4,"thruster":0,"chassis":1,"scanner":1,"colour":0,"skewMod":0,"skew":1,"value":"0.561","weaponNormal":"0.600","thrusterNormal":"0.200","steeringNormal":"0.833","chassisNormal":"0.400","gimbalNormal":"1.000","scannerNormal":"0.333"},{"seed":"452f2adf-4f2d-4de5-a0a7-c0660a432984","name":"Gugawa","weapon":3,"gimbal":4,"steering":1,"thruster":0,"chassis":4,"scanner":0,"colour":0,"skewMod":0,"skew":1,"value":"0.555","weaponNormal":"0.800","thrusterNormal":"0.200","steeringNormal":"0.333","chassisNormal":"1.000","gimbalNormal":"0.833","scannerNormal":"0.167"},{"seed":"452f2adf-4f2d-4de5-a0a7-c0660a432984","name":"Qoliv","weapon":3,"gimbal":2,"steering":3,"thruster":2,"chassis":0,"scanner":2,"colour":0,"skewMod":0,"skew":1,"value":"0.545","weaponNormal":"0.800","thrusterNormal":"0.600","steeringNormal":"0.667","chassisNormal":"0.200","gimbalNormal":"0.500","scannerNormal":"0.500"},{"seed":"452f2adf-4f2d-4de5-a0a7-c0660a432984","name":"Meclite Mk LXXXII","weapon":1,"gimbal":0,"steering":5,"thruster":1,"chassis":0,"scanner":5,"colour":0,"skewMod":0,"skew":1,"value":"0.528","weaponNormal":"0.400","thrusterNormal":"0.400","steeringNormal":"1.000","chassisNormal":"0.200","gimbalNormal":"0.167","scannerNormal":"1.000"}]}