{"id":31,"seed":"c3202cb5-958a-4daa-9b55-a522238df9e7","leader":"Yunope","colour":4,"value":"0.640","drones":[{"seed":"c3202cb5-958a-4daa-9b55-a522238df9e7","name":"Yunope","weapon":3,"gimbal":4,"steering":2,"thruster":2,"chassis":2,"scanner":5,"colour":4,"skewMod":0,"skew":1,"value":"0.722","weaponNormal":"0.800","thrusterNormal":"0.600","steeringNormal":"0.500","chassisNormal":"0.600","gimbalNormal":"0.833","scannerNormal":"1.000"},{"seed":"c3202cb5-958a-4daa-9b55-a522238df9e7","name":"Roruta v39.78","weapon":2,"gimbal":4,"steering":3,"thruster":1,"chassis":0,"scanner":2,"colour":4,"skewMod":0,"skew":1,"value":"0.533","weaponNormal":"0.600","thrusterNormal":"0.400","steeringNormal":"0.667","chassisNormal":"0.200","gimbalNormal":"0.833","scannerNormal":"0.500"},{"seed":"c3202cb5-958a-4daa-9b55-a522238df9e7","name":"Setera","weapon":4,"gimbal":3,"steering":0,"thruster":3,"chassis":1,"scanner":0,"colour":4,"skewMod":0,"skew":1,"value":"0.533","weaponNormal":"1.000","thrusterNormal":"0.800","steeringNormal":"0.167","chassisNormal":"0.400","gimbalNormal":"0.667","scannerNormal":"0.167"},{"seed":"c3202cb5-958a-4daa-9b55-a522238df9e7","name":"Jayama","weapon":0,"gimbal":0,"steering":5,"thruster":3,"chassis":2,"scanner":0,"colour":4,"skewMod":0,"skew":1,"value":"0.489","weaponNormal":"0.200","thrusterNormal":"0.800","steeringNormal":"1.000","chassisNormal":"0.600","gimbalNormal":"0.167","scannerNormal":"0.167"},{"seed":"c3202cb5-958a-4daa-9b55-a522238df9e7","name":"Mehiri","weapon":2,"gimbal":3,"steering":0,"thruster":0,"chassis":4,"scanner":0,"colour":4,"skewMod":0,"skew":1,"value":"0.467","weaponNormal":"0.600","thrusterNormal":"0.200","steeringNormal":"0.167","chassisNormal":"1.000","gimbalNormal":"0.667","scannerNormal":"0.167"},{"seed":"c3202cb5-958a-4daa-9b55-a522238df9e7","name":"Botis Mk XXIII","weapon":1,"gimbal":0,"steering":4,"thruster":3,"chassis":0,"scanner":1,"colour":4,"skewMod":0,"skew":1,"value":"0.456","weaponNormal":"0.400","thrusterNormal":"0.800","steeringNormal":"0.833","chassisNormal":"0.200","gimbalNormal":"0.167","scannerNormal":"0.333"}]}