{"id":70,"seed":"80893cab-8ba7-43ed-8780-1b6246c96bb7","leader":"Xalia","colour":1,"value":"0.668","drones":[{"seed":"80893cab-8ba7-43ed-8780-1b6246c96bb7","name":"Xalia","weapon":0,"gimbal":5,"steering":0,"thruster":4,"chassis":4,"scanner":4,"colour":1,"skewMod":0,"skew":1,"value":"0.700","weaponNormal":"0.200","thrusterNormal":"1.000","steeringNormal":"0.167","chassisNormal":"1.000","gimbalNormal":"1.000","scannerNormal":"0.833"},{"seed":"80893cab-8ba7-43ed-8780-1b6246c96bb7","name":"Kocarro","weapon":1,"gimbal":0,"steering":4,"thruster":4,"chassis":2,"scanner":4,"colour":1,"skewMod":0,"skew":1,"value":"0.639","weaponNormal":"0.400","thrusterNormal":"1.000","steeringNormal":"0.833","chassisNormal":"0.600","gimbalNormal":"0.167","scannerNormal":"0.833"},{"seed":"80893cab-8ba7-43ed-8780-1b6246c96bb7","name":"Vehines","weapon":0,"gimbal":0,"steering":3,"thruster":1,"chassis":4,"scanner":5,"colour":1,"skewMod":0,"skew":1,"value":"0.572","weaponNormal":"0.200","thrusterNormal":"0.400","steeringNormal":"0.667","chassisNormal":"1.000","gimbalNormal":"0.167","scannerNormal":"1.000"},{"seed":"80893cab-8ba7-43ed-8780-1b6246c96bb7","name":"Balia","weapon":2,"gimbal":3,"steering":1,"thruster":3,"chassis":1,"scanner":2,"colour":1,"skewMod":0,"skew":1,"value":"0.550","weaponNormal":"0.600","thrusterNormal":"0.800","steeringNormal":"0.333","chassisNormal":"0.400","gimbalNormal":"0.667","scannerNormal":"0.500"},{"seed":"80893cab-8ba7-43ed-8780-1b6246c96bb7","name":"Notis","weapon":4,"gimbal":2,"steering":1,"thruster":1,"chassis":0,"scanner":2,"colour":1,"skewMod":0,"skew":1,"value":"0.489","weaponNormal":"1.000","thrusterNormal":"0.400","steeringNormal":"0.333","chassisNormal":"0.200","gimbalNormal":"0.500","scannerNormal":"0.500"},{"seed":"80893cab-8ba7-43ed-8780-1b6246c96bb7","name":"Feria","weapon":1,"gimbal":0,"steering":3,"thruster":0,"chassis":1,"scanner":2,"colour":1,"skewMod":0,"skew":1,"value":"0.389","weaponNormal":"0.400","thrusterNormal":"0.200","steeringNormal":"0.667","chassisNormal":"0.400","gimbalNormal":"0.167","scannerNormal":"0.500"}]}