{"id":38,"seed":"89a5f46a-a0f6-4d88-b54f-716055352e6a","leader":"Notera","colour":4,"value":"0.762","drones":[{"seed":"89a5f46a-a0f6-4d88-b54f-716055352e6a","name":"Notera","weapon":3,"gimbal":5,"steering":3,"thruster":3,"chassis":0,"scanner":5,"colour":4,"skewMod":0,"skew":1,"value":"0.745","weaponNormal":"0.800","thrusterNormal":"0.800","steeringNormal":"0.667","chassisNormal":"0.200","gimbalNormal":"1.000","scannerNormal":"1.000"},{"seed":"89a5f46a-a0f6-4d88-b54f-716055352e6a","name":"Cutera","weapon":1,"gimbal":3,"steering":5,"thruster":0,"chassis":4,"scanner":5,"colour":4,"skewMod":0,"skew":1,"value":"0.711","weaponNormal":"0.400","thrusterNormal":"0.200","steeringNormal":"1.000","chassisNormal":"1.000","gimbalNormal":"0.667","scannerNormal":"1.000"},{"seed":"89a5f46a-a0f6-4d88-b54f-716055352e6a","name":"Volia","weapon":4,"gimbal":5,"steering":1,"thruster":1,"chassis":4,"scanner":1,"colour":4,"skewMod":0,"skew":1,"value":"0.678","weaponNormal":"1.000","thrusterNormal":"0.400","steeringNormal":"0.333","chassisNormal":"1.000","gimbalNormal":"1.000","scannerNormal":"0.333"},{"seed":"89a5f46a-a0f6-4d88-b54f-716055352e6a","name":"Voter","weapon":0,"gimbal":4,"steering":2,"thruster":4,"chassis":2,"scanner":4,"colour":4,"skewMod":0,"skew":1,"value":"0.661","weaponNormal":"0.200","thrusterNormal":"1.000","steeringNormal":"0.500","chassisNormal":"0.600","gimbalNormal":"0.833","scannerNormal":"0.833"},{"seed":"89a5f46a-a0f6-4d88-b54f-716055352e6a","name":"Julea","weapon":0,"gimbal":3,"steering":4,"thruster":4,"chassis":0,"scanner":3,"colour":4,"skewMod":0,"skew":1,"value":"0.595","weaponNormal":"0.200","thrusterNormal":"1.000","steeringNormal":"0.833","chassisNormal":"0.200","gimbalNormal":"0.667","scannerNormal":"0.667"},{"seed":"89a5f46a-a0f6-4d88-b54f-716055352e6a","name":"Bocarro","weapon":1,"gimbal":2,"steering":1,"thruster":1,"chassis":1,"scanner":2,"colour":4,"skewMod":0,"skew":1,"value":"0.422","weaponNormal":"0.400","thrusterNormal":"0.400","steeringNormal":"0.333","chassisNormal":"0.400","gimbalNormal":"0.500","scannerNormal":"0.500"}]}