{"id":83,"seed":"69882634-dd70-4662-b960-5c4946fa4f76","leader":"Lelea","colour":2,"value":"0.711","drones":[{"seed":"69882634-dd70-4662-b960-5c4946fa4f76","name":"Lelea","weapon":3,"gimbal":2,"steering":3,"thruster":3,"chassis":4,"scanner":3,"colour":2,"skewMod":0,"skew":1,"value":"0.739","weaponNormal":"0.800","thrusterNormal":"0.800","steeringNormal":"0.667","chassisNormal":"1.000","gimbalNormal":"0.500","scannerNormal":"0.667"},{"seed":"69882634-dd70-4662-b960-5c4946fa4f76","name":"Xarilia","weapon":4,"gimbal":4,"steering":3,"thruster":4,"chassis":0,"scanner":3,"colour":2,"skewMod":0,"skew":1,"value":"0.728","weaponNormal":"1.000","thrusterNormal":"1.000","steeringNormal":"0.667","chassisNormal":"0.200","gimbalNormal":"0.833","scannerNormal":"0.667"},{"seed":"69882634-dd70-4662-b960-5c4946fa4f76","name":"Naria Mk XLVII","weapon":2,"gimbal":3,"steering":2,"thruster":1,"chassis":2,"scanner":5,"colour":2,"skewMod":0,"skew":1,"value":"0.628","weaponNormal":"0.600","thrusterNormal":"0.400","steeringNormal":"0.500","chassisNormal":"0.600","gimbalNormal":"0.667","scannerNormal":"1.000"},{"seed":"69882634-dd70-4662-b960-5c4946fa4f76","name":"Reyama","weapon":0,"gimbal":4,"steering":4,"thruster":3,"chassis":1,"scanner":3,"colour":2,"skewMod":0,"skew":1,"value":"0.622","weaponNormal":"0.200","thrusterNormal":"0.800","steeringNormal":"0.833","chassisNormal":"0.400","gimbalNormal":"0.833","scannerNormal":"0.667"},{"seed":"69882634-dd70-4662-b960-5c4946fa4f76","name":"Rotov","weapon":1,"gimbal":0,"steering":3,"thruster":4,"chassis":1,"scanner":1,"colour":2,"skewMod":0,"skew":1,"value":"0.494","weaponNormal":"0.400","thrusterNormal":"1.000","steeringNormal":"0.667","chassisNormal":"0.400","gimbalNormal":"0.167","scannerNormal":"0.333"},{"seed":"69882634-dd70-4662-b960-5c4946fa4f76","name":"Mapra","weapon":0,"gimbal":0,"steering":1,"thruster":3,"chassis":1,"scanner":0,"colour":2,"skewMod":0,"skew":1,"value":"0.345","weaponNormal":"0.200","thrusterNormal":"0.800","steeringNormal":"0.333","chassisNormal":"0.400","gimbalNormal":"0.167","scannerNormal":"0.167"}]}