{"id":36,"seed":"ee75a83d-851d-4cd7-abf5-63e1e4a826e1","leader":"Qulea","colour":0,"value":"0.731","drones":[{"seed":"ee75a83d-851d-4cd7-abf5-63e1e4a826e1","name":"Qulea","weapon":1,"gimbal":5,"steering":4,"thruster":4,"chassis":3,"scanner":1,"colour":0,"skewMod":0,"skew":1,"value":"0.728","weaponNormal":"0.400","thrusterNormal":"1.000","steeringNormal":"0.833","chassisNormal":"0.800","gimbalNormal":"1.000","scannerNormal":"0.333"},{"seed":"ee75a83d-851d-4cd7-abf5-63e1e4a826e1","name":"Mamia","weapon":4,"gimbal":2,"steering":2,"thruster":1,"chassis":3,"scanner":5,"colour":0,"skewMod":0,"skew":1,"value":"0.700","weaponNormal":"1.000","thrusterNormal":"0.400","steeringNormal":"0.500","chassisNormal":"0.800","gimbalNormal":"0.500","scannerNormal":"1.000"},{"seed":"ee75a83d-851d-4cd7-abf5-63e1e4a826e1","name":"Benides","weapon":0,"gimbal":5,"steering":3,"thruster":1,"chassis":2,"scanner":3,"colour":0,"skewMod":0,"skew":1,"value":"0.589","weaponNormal":"0.200","thrusterNormal":"0.400","steeringNormal":"0.667","chassisNormal":"0.600","gimbalNormal":"1.000","scannerNormal":"0.667"},{"seed":"ee75a83d-851d-4cd7-abf5-63e1e4a826e1","name":"Koria Mk XII","weapon":4,"gimbal":2,"steering":2,"thruster":2,"chassis":2,"scanner":0,"colour":0,"skewMod":0,"skew":1,"value":"0.561","weaponNormal":"1.000","thrusterNormal":"0.600","steeringNormal":"0.500","chassisNormal":"0.600","gimbalNormal":"0.500","scannerNormal":"0.167"},{"seed":"ee75a83d-851d-4cd7-abf5-63e1e4a826e1","name":"Tevis","weapon":3,"gimbal":0,"steering":1,"thruster":2,"chassis":2,"scanner":4,"colour":0,"skewMod":0,"skew":1,"value":"0.555","weaponNormal":"0.800","thrusterNormal":"0.600","steeringNormal":"0.333","chassisNormal":"0.600","gimbalNormal":"0.167","scannerNormal":"0.833"},{"seed":"ee75a83d-851d-4cd7-abf5-63e1e4a826e1","name":"Xanides","weapon":4,"gimbal":2,"steering":0,"thruster":0,"chassis":2,"scanner":3,"colour":0,"skewMod":0,"skew":1,"value":"0.522","weaponNormal":"1.000","thrusterNormal":"0.200","steeringNormal":"0.167","chassisNormal":"0.600","gimbalNormal":"0.500","scannerNormal":"0.667"}]}