{"id":94,"seed":"847db217-2bb3-4f71-9464-23b82e775772","leader":"Heter","colour":2,"value":"0.705","drones":[{"seed":"847db217-2bb3-4f71-9464-23b82e775772","name":"Heter","weapon":0,"gimbal":4,"steering":3,"thruster":2,"chassis":4,"scanner":5,"colour":2,"skewMod":0,"skew":1,"value":"0.717","weaponNormal":"0.200","thrusterNormal":"0.600","steeringNormal":"0.667","chassisNormal":"1.000","gimbalNormal":"0.833","scannerNormal":"1.000"},{"seed":"847db217-2bb3-4f71-9464-23b82e775772","name":"Jenov v38.85","weapon":4,"gimbal":3,"steering":3,"thruster":1,"chassis":3,"scanner":1,"colour":2,"skewMod":0,"skew":1,"value":"0.644","weaponNormal":"1.000","thrusterNormal":"0.400","steeringNormal":"0.667","chassisNormal":"0.800","gimbalNormal":"0.667","scannerNormal":"0.333"},{"seed":"847db217-2bb3-4f71-9464-23b82e775772","name":"Fuvis","weapon":3,"gimbal":2,"steering":4,"thruster":0,"chassis":1,"scanner":5,"colour":2,"skewMod":0,"skew":1,"value":"0.622","weaponNormal":"0.800","thrusterNormal":"0.200","steeringNormal":"0.833","chassisNormal":"0.400","gimbalNormal":"0.500","scannerNormal":"1.000"},{"seed":"847db217-2bb3-4f71-9464-23b82e775772","name":"Yulia Mk I","weapon":4,"gimbal":0,"steering":3,"thruster":1,"chassis":2,"scanner":4,"colour":2,"skewMod":0,"skew":1,"value":"0.611","weaponNormal":"1.000","thrusterNormal":"0.400","steeringNormal":"0.667","chassisNormal":"0.600","gimbalNormal":"0.167","scannerNormal":"0.833"},{"seed":"847db217-2bb3-4f71-9464-23b82e775772","name":"Koruta","weapon":1,"gimbal":2,"steering":3,"thruster":1,"chassis":3,"scanner":0,"colour":2,"skewMod":0,"skew":1,"value":"0.489","weaponNormal":"0.400","thrusterNormal":"0.400","steeringNormal":"0.667","chassisNormal":"0.800","gimbalNormal":"0.500","scannerNormal":"0.167"},{"seed":"847db217-2bb3-4f71-9464-23b82e775772","name":"Hamia","weapon":1,"gimbal":0,"steering":4,"thruster":1,"chassis":0,"scanner":3,"colour":2,"skewMod":0,"skew":1,"value":"0.444","weaponNormal":"0.400","thrusterNormal":"0.400","steeringNormal":"0.833","chassisNormal":"0.200","gimbalNormal":"0.167","scannerNormal":"0.667"}]}