{"id":18,"seed":"0526f4ab-ebf6-4389-bca9-5cebb0a34b93","leader":"Belara","colour":1,"value":"0.754","drones":[{"seed":"0526f4ab-ebf6-4389-bca9-5cebb0a34b93","name":"Belara","weapon":3,"gimbal":5,"steering":3,"thruster":3,"chassis":4,"scanner":2,"colour":1,"skewMod":0,"skew":1,"value":"0.795","weaponNormal":"0.800","thrusterNormal":"0.800","steeringNormal":"0.667","chassisNormal":"1.000","gimbalNormal":"1.000","scannerNormal":"0.500"},{"seed":"0526f4ab-ebf6-4389-bca9-5cebb0a34b93","name":"Hatis","weapon":3,"gimbal":0,"steering":4,"thruster":4,"chassis":3,"scanner":4,"colour":1,"skewMod":0,"skew":1,"value":"0.739","weaponNormal":"0.800","thrusterNormal":"1.000","steeringNormal":"0.833","chassisNormal":"0.800","gimbalNormal":"0.167","scannerNormal":"0.833"},{"seed":"0526f4ab-ebf6-4389-bca9-5cebb0a34b93","name":"Runov","weapon":3,"gimbal":0,"steering":5,"thruster":2,"chassis":1,"scanner":5,"colour":1,"skewMod":0,"skew":1,"value":"0.661","weaponNormal":"0.800","thrusterNormal":"0.600","steeringNormal":"1.000","chassisNormal":"0.400","gimbalNormal":"0.167","scannerNormal":"1.000"},{"seed":"0526f4ab-ebf6-4389-bca9-5cebb0a34b93","name":"Vemia","weapon":0,"gimbal":3,"steering":5,"thruster":1,"chassis":4,"scanner":0,"colour":1,"skewMod":0,"skew":1,"value":"0.572","weaponNormal":"0.200","thrusterNormal":"0.400","steeringNormal":"1.000","chassisNormal":"1.000","gimbalNormal":"0.667","scannerNormal":"0.167"},{"seed":"0526f4ab-ebf6-4389-bca9-5cebb0a34b93","name":"Vuhines","weapon":0,"gimbal":2,"steering":3,"thruster":3,"chassis":3,"scanner":0,"colour":1,"skewMod":0,"skew":1,"value":"0.522","weaponNormal":"0.200","thrusterNormal":"0.800","steeringNormal":"0.667","chassisNormal":"0.800","gimbalNormal":"0.500","scannerNormal":"0.167"},{"seed":"0526f4ab-ebf6-4389-bca9-5cebb0a34b93","name":"Yutov","weapon":4,"gimbal":5,"steering":1,"thruster":0,"chassis":0,"scanner":0,"colour":1,"skewMod":0,"skew":1,"value":"0.483","weaponNormal":"1.000","thrusterNormal":"0.200","steeringNormal":"0.333","chassisNormal":"0.200","gimbalNormal":"1.000","scannerNormal":"0.167"}]}