{"id":28,"seed":"2b5ef083-9ffe-4e5c-8ffb-0adb10ce4c9b","leader":"Mater","colour":5,"value":"0.735","drones":[{"seed":"2b5ef083-9ffe-4e5c-8ffb-0adb10ce4c9b","name":"Mater","weapon":4,"gimbal":0,"steering":3,"thruster":4,"chassis":4,"scanner":4,"colour":5,"skewMod":0,"skew":1,"value":"0.778","weaponNormal":"1.000","thrusterNormal":"1.000","steeringNormal":"0.667","chassisNormal":"1.000","gimbalNormal":"0.167","scannerNormal":"0.833"},{"seed":"2b5ef083-9ffe-4e5c-8ffb-0adb10ce4c9b","name":"Butania Mk LXXXIII","weapon":0,"gimbal":5,"steering":5,"thruster":0,"chassis":3,"scanner":5,"colour":5,"skewMod":0,"skew":1,"value":"0.700","weaponNormal":"0.200","thrusterNormal":"0.200","steeringNormal":"1.000","chassisNormal":"0.800","gimbalNormal":"1.000","scannerNormal":"1.000"},{"seed":"2b5ef083-9ffe-4e5c-8ffb-0adb10ce4c9b","name":"Yonides","weapon":2,"gimbal":4,"steering":3,"thruster":2,"chassis":3,"scanner":3,"colour":5,"skewMod":0,"skew":1,"value":"0.695","weaponNormal":"0.600","thrusterNormal":"0.600","steeringNormal":"0.667","chassisNormal":"0.800","gimbalNormal":"0.833","scannerNormal":"0.667"},{"seed":"2b5ef083-9ffe-4e5c-8ffb-0adb10ce4c9b","name":"Zanus","weapon":1,"gimbal":2,"steering":2,"thruster":4,"chassis":1,"scanner":3,"colour":5,"skewMod":0,"skew":1,"value":"0.578","weaponNormal":"0.400","thrusterNormal":"1.000","steeringNormal":"0.500","chassisNormal":"0.400","gimbalNormal":"0.500","scannerNormal":"0.667"},{"seed":"2b5ef083-9ffe-4e5c-8ffb-0adb10ce4c9b","name":"Nepra Mk XCIII","weapon":0,"gimbal":4,"steering":0,"thruster":3,"chassis":0,"scanner":4,"colour":5,"skewMod":0,"skew":1,"value":"0.506","weaponNormal":"0.200","thrusterNormal":"0.800","steeringNormal":"0.167","chassisNormal":"0.200","gimbalNormal":"0.833","scannerNormal":"0.833"},{"seed":"2b5ef083-9ffe-4e5c-8ffb-0adb10ce4c9b","name":"Tonia","weapon":1,"gimbal":1,"steering":0,"thruster":0,"chassis":1,"scanner":5,"colour":5,"skewMod":0,"skew":1,"value":"0.417","weaponNormal":"0.400","thrusterNormal":"0.200","steeringNormal":"0.167","chassisNormal":"0.400","gimbalNormal":"0.333","scannerNormal":"1.000"}]}