{"id":58,"seed":"60e6b9bf-11ee-45ce-9048-e62b218e5ae4","leader":"Heturn","colour":4,"value":"0.783","drones":[{"seed":"60e6b9bf-11ee-45ce-9048-e62b218e5ae4","name":"Heturn","weapon":3,"gimbal":4,"steering":5,"thruster":4,"chassis":1,"scanner":4,"colour":4,"skewMod":0,"skew":1,"value":"0.811","weaponNormal":"0.800","thrusterNormal":"1.000","steeringNormal":"1.000","chassisNormal":"0.400","gimbalNormal":"0.833","scannerNormal":"0.833"},{"seed":"60e6b9bf-11ee-45ce-9048-e62b218e5ae4","name":"Xuclite","weapon":2,"gimbal":2,"steering":3,"thruster":4,"chassis":4,"scanner":4,"colour":4,"skewMod":0,"skew":1,"value":"0.767","weaponNormal":"0.600","thrusterNormal":"1.000","steeringNormal":"0.667","chassisNormal":"1.000","gimbalNormal":"0.500","scannerNormal":"0.833"},{"seed":"60e6b9bf-11ee-45ce-9048-e62b218e5ae4","name":"Tuphus","weapon":0,"gimbal":2,"steering":4,"thruster":4,"chassis":3,"scanner":3,"colour":4,"skewMod":0,"skew":1,"value":"0.667","weaponNormal":"0.200","thrusterNormal":"1.000","steeringNormal":"0.833","chassisNormal":"0.800","gimbalNormal":"0.500","scannerNormal":"0.667"},{"seed":"60e6b9bf-11ee-45ce-9048-e62b218e5ae4","name":"Rapra","weapon":1,"gimbal":1,"steering":5,"thruster":3,"chassis":2,"scanner":3,"colour":4,"skewMod":0,"skew":1,"value":"0.633","weaponNormal":"0.400","thrusterNormal":"0.800","steeringNormal":"1.000","chassisNormal":"0.600","gimbalNormal":"0.333","scannerNormal":"0.667"},{"seed":"60e6b9bf-11ee-45ce-9048-e62b218e5ae4","name":"Pupra","weapon":4,"gimbal":4,"steering":0,"thruster":2,"chassis":1,"scanner":3,"colour":4,"skewMod":0,"skew":1,"value":"0.611","weaponNormal":"1.000","thrusterNormal":"0.600","steeringNormal":"0.167","chassisNormal":"0.400","gimbalNormal":"0.833","scannerNormal":"0.667"},{"seed":"60e6b9bf-11ee-45ce-9048-e62b218e5ae4","name":"Qunerth","weapon":2,"gimbal":3,"steering":1,"thruster":0,"chassis":2,"scanner":0,"colour":4,"skewMod":0,"skew":1,"value":"0.428","weaponNormal":"0.600","thrusterNormal":"0.200","steeringNormal":"0.333","chassisNormal":"0.600","gimbalNormal":"0.667","scannerNormal":"0.167"}]}