{"id":50,"seed":"6ef9ecca-4765-417e-98da-18af0ddc95f1","leader":"Luria","colour":5,"value":"0.645","drones":[{"seed":"6ef9ecca-4765-417e-98da-18af0ddc95f1","name":"Luria","weapon":4,"gimbal":2,"steering":5,"thruster":1,"chassis":3,"scanner":1,"colour":5,"skewMod":0,"skew":1,"value":"0.672","weaponNormal":"1.000","thrusterNormal":"0.400","steeringNormal":"1.000","chassisNormal":"0.800","gimbalNormal":"0.500","scannerNormal":"0.333"},{"seed":"6ef9ecca-4765-417e-98da-18af0ddc95f1","name":"Wopra","weapon":2,"gimbal":2,"steering":4,"thruster":2,"chassis":3,"scanner":1,"colour":5,"skewMod":0,"skew":1,"value":"0.611","weaponNormal":"0.600","thrusterNormal":"0.600","steeringNormal":"0.833","chassisNormal":"0.800","gimbalNormal":"0.500","scannerNormal":"0.333"},{"seed":"6ef9ecca-4765-417e-98da-18af0ddc95f1","name":"Bania","weapon":3,"gimbal":1,"steering":1,"thruster":2,"chassis":2,"scanner":2,"colour":5,"skewMod":0,"skew":1,"value":"0.528","weaponNormal":"0.800","thrusterNormal":"0.600","steeringNormal":"0.333","chassisNormal":"0.600","gimbalNormal":"0.333","scannerNormal":"0.500"},{"seed":"6ef9ecca-4765-417e-98da-18af0ddc95f1","name":"Bacury","weapon":1,"gimbal":4,"steering":0,"thruster":1,"chassis":0,"scanner":5,"colour":5,"skewMod":0,"skew":1,"value":"0.500","weaponNormal":"0.400","thrusterNormal":"0.400","steeringNormal":"0.167","chassisNormal":"0.200","gimbalNormal":"0.833","scannerNormal":"1.000"},{"seed":"6ef9ecca-4765-417e-98da-18af0ddc95f1","name":"Iorilia","weapon":3,"gimbal":1,"steering":1,"thruster":0,"chassis":1,"scanner":3,"colour":5,"skewMod":0,"skew":1,"value":"0.456","weaponNormal":"0.800","thrusterNormal":"0.200","steeringNormal":"0.333","chassisNormal":"0.400","gimbalNormal":"0.333","scannerNormal":"0.667"},{"seed":"6ef9ecca-4765-417e-98da-18af0ddc95f1","name":"Bonides","weapon":0,"gimbal":2,"steering":0,"thruster":3,"chassis":1,"scanner":3,"colour":5,"skewMod":0,"skew":1,"value":"0.456","weaponNormal":"0.200","thrusterNormal":"0.800","steeringNormal":"0.167","chassisNormal":"0.400","gimbalNormal":"0.500","scannerNormal":"0.667"}]}