{"id":30,"seed":"2ad30c33-6563-4e78-bd82-fc947ee14b36","leader":"Doturn","colour":5,"value":"0.718","drones":[{"seed":"2ad30c33-6563-4e78-bd82-fc947ee14b36","name":"Doturn","weapon":4,"gimbal":0,"steering":3,"thruster":4,"chassis":4,"scanner":1,"colour":5,"skewMod":0,"skew":1,"value":"0.695","weaponNormal":"1.000","thrusterNormal":"1.000","steeringNormal":"0.667","chassisNormal":"1.000","gimbalNormal":"0.167","scannerNormal":"0.333"},{"seed":"2ad30c33-6563-4e78-bd82-fc947ee14b36","name":"Zulia","weapon":0,"gimbal":3,"steering":4,"thruster":2,"chassis":4,"scanner":3,"colour":5,"skewMod":0,"skew":1,"value":"0.661","weaponNormal":"0.200","thrusterNormal":"0.600","steeringNormal":"0.833","chassisNormal":"1.000","gimbalNormal":"0.667","scannerNormal":"0.667"},{"seed":"2ad30c33-6563-4e78-bd82-fc947ee14b36","name":"Vonov","weapon":0,"gimbal":2,"steering":5,"thruster":3,"chassis":2,"scanner":3,"colour":5,"skewMod":0,"skew":1,"value":"0.628","weaponNormal":"0.200","thrusterNormal":"0.800","steeringNormal":"1.000","chassisNormal":"0.600","gimbalNormal":"0.500","scannerNormal":"0.667"},{"seed":"2ad30c33-6563-4e78-bd82-fc947ee14b36","name":"Tuturn","weapon":4,"gimbal":0,"steering":5,"thruster":2,"chassis":0,"scanner":2,"colour":5,"skewMod":0,"skew":1,"value":"0.578","weaponNormal":"1.000","thrusterNormal":"0.600","steeringNormal":"1.000","chassisNormal":"0.200","gimbalNormal":"0.167","scannerNormal":"0.500"},{"seed":"2ad30c33-6563-4e78-bd82-fc947ee14b36","name":"Tucarro","weapon":3,"gimbal":1,"steering":4,"thruster":1,"chassis":2,"scanner":1,"colour":5,"skewMod":0,"skew":1,"value":"0.550","weaponNormal":"0.800","thrusterNormal":"0.400","steeringNormal":"0.833","chassisNormal":"0.600","gimbalNormal":"0.333","scannerNormal":"0.333"},{"seed":"2ad30c33-6563-4e78-bd82-fc947ee14b36","name":"Huturn","weapon":1,"gimbal":3,"steering":4,"thruster":1,"chassis":1,"scanner":0,"colour":5,"skewMod":0,"skew":1,"value":"0.478","weaponNormal":"0.400","thrusterNormal":"0.400","steeringNormal":"0.833","chassisNormal":"0.400","gimbalNormal":"0.667","scannerNormal":"0.167"}]}