{"id":40,"seed":"bf775b66-adc9-4023-8abb-c23949091cb4","leader":"Razuno Mk XXXIX","colour":0,"value":"0.688","drones":[{"seed":"bf775b66-adc9-4023-8abb-c23949091cb4","name":"Razuno Mk XXXIX","weapon":4,"gimbal":0,"steering":5,"thruster":3,"chassis":4,"scanner":2,"colour":0,"skewMod":0,"skew":1,"value":"0.744","weaponNormal":"1.000","thrusterNormal":"0.800","steeringNormal":"1.000","chassisNormal":"1.000","gimbalNormal":"0.167","scannerNormal":"0.500"},{"seed":"bf775b66-adc9-4023-8abb-c23949091cb4","name":"Pucury Mk VII","weapon":3,"gimbal":3,"steering":4,"thruster":1,"chassis":0,"scanner":2,"colour":0,"skewMod":0,"skew":1,"value":"0.567","weaponNormal":"0.800","thrusterNormal":"0.400","steeringNormal":"0.833","chassisNormal":"0.200","gimbalNormal":"0.667","scannerNormal":"0.500"},{"seed":"bf775b66-adc9-4023-8abb-c23949091cb4","name":"Jonides v22.55","weapon":4,"gimbal":3,"steering":1,"thruster":0,"chassis":3,"scanner":1,"colour":0,"skewMod":0,"skew":1,"value":"0.555","weaponNormal":"1.000","thrusterNormal":"0.200","steeringNormal":"0.333","chassisNormal":"0.800","gimbalNormal":"0.667","scannerNormal":"0.333"},{"seed":"bf775b66-adc9-4023-8abb-c23949091cb4","name":"Sater","weapon":1,"gimbal":2,"steering":3,"thruster":2,"chassis":3,"scanner":1,"colour":0,"skewMod":0,"skew":1,"value":"0.550","weaponNormal":"0.400","thrusterNormal":"0.600","steeringNormal":"0.667","chassisNormal":"0.800","gimbalNormal":"0.500","scannerNormal":"0.333"},{"seed":"bf775b66-adc9-4023-8abb-c23949091cb4","name":"Mestea","weapon":2,"gimbal":2,"steering":4,"thruster":0,"chassis":1,"scanner":3,"colour":0,"skewMod":0,"skew":1,"value":"0.533","weaponNormal":"0.600","thrusterNormal":"0.200","steeringNormal":"0.833","chassisNormal":"0.400","gimbalNormal":"0.500","scannerNormal":"0.667"},{"seed":"bf775b66-adc9-4023-8abb-c23949091cb4","name":"Peclite","weapon":1,"gimbal":3,"steering":1,"thruster":4,"chassis":0,"scanner":1,"colour":0,"skewMod":0,"skew":1,"value":"0.489","weaponNormal":"0.400","thrusterNormal":"1.000","steeringNormal":"0.333","chassisNormal":"0.200","gimbalNormal":"0.667","scannerNormal":"0.333"}]}