{"id":45,"seed":"32afbefe-9970-46d2-9504-9664d19d3ef3","leader":"Pacarro","colour":1,"value":"0.720","drones":[{"seed":"32afbefe-9970-46d2-9504-9664d19d3ef3","name":"Pacarro","weapon":4,"gimbal":0,"steering":3,"thruster":3,"chassis":3,"scanner":5,"colour":1,"skewMod":0,"skew":1,"value":"0.739","weaponNormal":"1.000","thrusterNormal":"0.800","steeringNormal":"0.667","chassisNormal":"0.800","gimbalNormal":"0.167","scannerNormal":"1.000"},{"seed":"32afbefe-9970-46d2-9504-9664d19d3ef3","name":"Muclite","weapon":0,"gimbal":3,"steering":2,"thruster":2,"chassis":4,"scanner":4,"colour":1,"skewMod":0,"skew":1,"value":"0.633","weaponNormal":"0.200","thrusterNormal":"0.600","steeringNormal":"0.500","chassisNormal":"1.000","gimbalNormal":"0.667","scannerNormal":"0.833"},{"seed":"32afbefe-9970-46d2-9504-9664d19d3ef3","name":"Wegantu","weapon":4,"gimbal":2,"steering":2,"thruster":2,"chassis":1,"scanner":3,"colour":1,"skewMod":0,"skew":1,"value":"0.611","weaponNormal":"1.000","thrusterNormal":"0.600","steeringNormal":"0.500","chassisNormal":"0.400","gimbalNormal":"0.500","scannerNormal":"0.667"},{"seed":"32afbefe-9970-46d2-9504-9664d19d3ef3","name":"Nutania","weapon":2,"gimbal":3,"steering":1,"thruster":1,"chassis":3,"scanner":4,"colour":1,"skewMod":0,"skew":1,"value":"0.606","weaponNormal":"0.600","thrusterNormal":"0.400","steeringNormal":"0.333","chassisNormal":"0.800","gimbalNormal":"0.667","scannerNormal":"0.833"},{"seed":"32afbefe-9970-46d2-9504-9664d19d3ef3","name":"Donia","weapon":1,"gimbal":1,"steering":4,"thruster":0,"chassis":4,"scanner":4,"colour":1,"skewMod":0,"skew":1,"value":"0.600","weaponNormal":"0.400","thrusterNormal":"0.200","steeringNormal":"0.833","chassisNormal":"1.000","gimbalNormal":"0.333","scannerNormal":"0.833"},{"seed":"32afbefe-9970-46d2-9504-9664d19d3ef3","name":"Zoruta","weapon":1,"gimbal":5,"steering":0,"thruster":0,"chassis":0,"scanner":2,"colour":1,"skewMod":0,"skew":1,"value":"0.411","weaponNormal":"0.400","thrusterNormal":"0.200","steeringNormal":"0.167","chassisNormal":"0.200","gimbalNormal":"1.000","scannerNormal":"0.500"}]}