{"id":46,"seed":"9b884e6f-6b90-4127-a185-158ecccdc5eb","leader":"Zubos","colour":3,"value":"0.735","drones":[{"seed":"9b884e6f-6b90-4127-a185-158ecccdc5eb","name":"Zubos","weapon":4,"gimbal":3,"steering":4,"thruster":2,"chassis":2,"scanner":5,"colour":3,"skewMod":0,"skew":1,"value":"0.783","weaponNormal":"1.000","thrusterNormal":"0.600","steeringNormal":"0.833","chassisNormal":"0.600","gimbalNormal":"0.667","scannerNormal":"1.000"},{"seed":"9b884e6f-6b90-4127-a185-158ecccdc5eb","name":"Cunus","weapon":3,"gimbal":2,"steering":5,"thruster":4,"chassis":0,"scanner":5,"colour":3,"skewMod":0,"skew":1,"value":"0.750","weaponNormal":"0.800","thrusterNormal":"1.000","steeringNormal":"1.000","chassisNormal":"0.200","gimbalNormal":"0.500","scannerNormal":"1.000"},{"seed":"9b884e6f-6b90-4127-a185-158ecccdc5eb","name":"Zatov Mk XXIX","weapon":3,"gimbal":4,"steering":3,"thruster":3,"chassis":1,"scanner":3,"colour":3,"skewMod":0,"skew":1,"value":"0.695","weaponNormal":"0.800","thrusterNormal":"0.800","steeringNormal":"0.667","chassisNormal":"0.400","gimbalNormal":"0.833","scannerNormal":"0.667"},{"seed":"9b884e6f-6b90-4127-a185-158ecccdc5eb","name":"Cehines","weapon":1,"gimbal":0,"steering":3,"thruster":1,"chassis":2,"scanner":5,"colour":3,"skewMod":0,"skew":1,"value":"0.539","weaponNormal":"0.400","thrusterNormal":"0.400","steeringNormal":"0.667","chassisNormal":"0.600","gimbalNormal":"0.167","scannerNormal":"1.000"},{"seed":"9b884e6f-6b90-4127-a185-158ecccdc5eb","name":"Zoter Mk XLVIII","weapon":1,"gimbal":1,"steering":3,"thruster":2,"chassis":1,"scanner":1,"colour":3,"skewMod":0,"skew":1,"value":"0.456","weaponNormal":"0.400","thrusterNormal":"0.600","steeringNormal":"0.667","chassisNormal":"0.400","gimbalNormal":"0.333","scannerNormal":"0.333"},{"seed":"9b884e6f-6b90-4127-a185-158ecccdc5eb","name":"Gowei Mk LI","weapon":1,"gimbal":3,"steering":1,"thruster":1,"chassis":1,"scanner":2,"colour":3,"skewMod":0,"skew":1,"value":"0.450","weaponNormal":"0.400","thrusterNormal":"0.400","steeringNormal":"0.333","chassisNormal":"0.400","gimbalNormal":"0.667","scannerNormal":"0.500"}]}