{"id":82,"seed":"6aa7f16f-f7e2-49d3-9931-e703aa03495f","leader":"Mutania","colour":0,"value":"0.743","drones":[{"seed":"6aa7f16f-f7e2-49d3-9931-e703aa03495f","name":"Mutania","weapon":0,"gimbal":5,"steering":5,"thruster":2,"chassis":4,"scanner":4,"colour":0,"skewMod":0,"skew":1,"value":"0.772","weaponNormal":"0.200","thrusterNormal":"0.600","steeringNormal":"1.000","chassisNormal":"1.000","gimbalNormal":"1.000","scannerNormal":"0.833"},{"seed":"6aa7f16f-f7e2-49d3-9931-e703aa03495f","name":"Paria v2.62","weapon":3,"gimbal":2,"steering":3,"thruster":4,"chassis":4,"scanner":3,"colour":0,"skewMod":0,"skew":1,"value":"0.772","weaponNormal":"0.800","thrusterNormal":"1.000","steeringNormal":"0.667","chassisNormal":"1.000","gimbalNormal":"0.500","scannerNormal":"0.667"},{"seed":"6aa7f16f-f7e2-49d3-9931-e703aa03495f","name":"Canope v37.16","weapon":2,"gimbal":5,"steering":0,"thruster":2,"chassis":3,"scanner":1,"colour":0,"skewMod":0,"skew":1,"value":"0.583","weaponNormal":"0.600","thrusterNormal":"0.600","steeringNormal":"0.167","chassisNormal":"0.800","gimbalNormal":"1.000","scannerNormal":"0.333"},{"seed":"6aa7f16f-f7e2-49d3-9931-e703aa03495f","name":"Rugantu Mk XLVIII","weapon":0,"gimbal":5,"steering":5,"thruster":0,"chassis":1,"scanner":3,"colour":0,"skewMod":0,"skew":1,"value":"0.578","weaponNormal":"0.200","thrusterNormal":"0.200","steeringNormal":"1.000","chassisNormal":"0.400","gimbalNormal":"1.000","scannerNormal":"0.667"},{"seed":"6aa7f16f-f7e2-49d3-9931-e703aa03495f","name":"Mamia Mk LXIX","weapon":3,"gimbal":2,"steering":2,"thruster":4,"chassis":0,"scanner":0,"colour":0,"skewMod":0,"skew":1,"value":"0.528","weaponNormal":"0.800","thrusterNormal":"1.000","steeringNormal":"0.500","chassisNormal":"0.200","gimbalNormal":"0.500","scannerNormal":"0.167"},{"seed":"6aa7f16f-f7e2-49d3-9931-e703aa03495f","name":"Luliv","weapon":1,"gimbal":0,"steering":2,"thruster":2,"chassis":1,"scanner":4,"colour":0,"skewMod":0,"skew":1,"value":"0.483","weaponNormal":"0.400","thrusterNormal":"0.600","steeringNormal":"0.500","chassisNormal":"0.400","gimbalNormal":"0.167","scannerNormal":"0.833"}]}