{"id":93,"seed":"70f7e5cd-e4fa-4d67-8309-1eb399fbdf54","leader":"Haclite","colour":0,"value":"0.683","drones":[{"seed":"70f7e5cd-e4fa-4d67-8309-1eb399fbdf54","name":"Haclite","weapon":4,"gimbal":4,"steering":0,"thruster":4,"chassis":4,"scanner":3,"colour":0,"skewMod":0,"skew":1,"value":"0.778","weaponNormal":"1.000","thrusterNormal":"1.000","steeringNormal":"0.167","chassisNormal":"1.000","gimbalNormal":"0.833","scannerNormal":"0.667"},{"seed":"70f7e5cd-e4fa-4d67-8309-1eb399fbdf54","name":"Xurilia","weapon":4,"gimbal":2,"steering":2,"thruster":2,"chassis":2,"scanner":2,"colour":0,"skewMod":0,"skew":1,"value":"0.617","weaponNormal":"1.000","thrusterNormal":"0.600","steeringNormal":"0.500","chassisNormal":"0.600","gimbalNormal":"0.500","scannerNormal":"0.500"},{"seed":"70f7e5cd-e4fa-4d67-8309-1eb399fbdf54","name":"Nugantu","weapon":4,"gimbal":0,"steering":0,"thruster":2,"chassis":3,"scanner":4,"colour":0,"skewMod":0,"skew":1,"value":"0.595","weaponNormal":"1.000","thrusterNormal":"0.600","steeringNormal":"0.167","chassisNormal":"0.800","gimbalNormal":"0.167","scannerNormal":"0.833"},{"seed":"70f7e5cd-e4fa-4d67-8309-1eb399fbdf54","name":"Velia","weapon":4,"gimbal":5,"steering":0,"thruster":3,"chassis":0,"scanner":1,"colour":0,"skewMod":0,"skew":1,"value":"0.583","weaponNormal":"1.000","thrusterNormal":"0.800","steeringNormal":"0.167","chassisNormal":"0.200","gimbalNormal":"1.000","scannerNormal":"0.333"},{"seed":"70f7e5cd-e4fa-4d67-8309-1eb399fbdf54","name":"Kolara","weapon":0,"gimbal":1,"steering":5,"thruster":1,"chassis":1,"scanner":2,"colour":0,"skewMod":0,"skew":1,"value":"0.472","weaponNormal":"0.200","thrusterNormal":"0.400","steeringNormal":"1.000","chassisNormal":"0.400","gimbalNormal":"0.333","scannerNormal":"0.500"},{"seed":"70f7e5cd-e4fa-4d67-8309-1eb399fbdf54","name":"Donus","weapon":1,"gimbal":2,"steering":0,"thruster":0,"chassis":3,"scanner":0,"colour":0,"skewMod":0,"skew":1,"value":"0.372","weaponNormal":"0.400","thrusterNormal":"0.200","steeringNormal":"0.167","chassisNormal":"0.800","gimbalNormal":"0.500","scannerNormal":"0.167"}]}