{"id":2,"seed":"59f61220-1068-4822-b336-f7aae3f2b6fa","leader":"Xulara","colour":0,"value":"0.720","drones":[{"seed":"59f61220-1068-4822-b336-f7aae3f2b6fa","name":"Xulara","weapon":2,"gimbal":3,"steering":5,"thruster":4,"chassis":0,"scanner":5,"colour":0,"skewMod":0,"skew":1,"value":"0.745","weaponNormal":"0.600","thrusterNormal":"1.000","steeringNormal":"1.000","chassisNormal":"0.200","gimbalNormal":"0.667","scannerNormal":"1.000"},{"seed":"59f61220-1068-4822-b336-f7aae3f2b6fa","name":"Hupra","weapon":3,"gimbal":0,"steering":2,"thruster":4,"chassis":4,"scanner":1,"colour":0,"skewMod":0,"skew":1,"value":"0.633","weaponNormal":"0.800","thrusterNormal":"1.000","steeringNormal":"0.500","chassisNormal":"1.000","gimbalNormal":"0.167","scannerNormal":"0.333"},{"seed":"59f61220-1068-4822-b336-f7aae3f2b6fa","name":"Tolara v11.61","weapon":1,"gimbal":4,"steering":1,"thruster":4,"chassis":2,"scanner":2,"colour":0,"skewMod":0,"skew":1,"value":"0.611","weaponNormal":"0.400","thrusterNormal":"1.000","steeringNormal":"0.333","chassisNormal":"0.600","gimbalNormal":"0.833","scannerNormal":"0.500"},{"seed":"59f61220-1068-4822-b336-f7aae3f2b6fa","name":"Duyama","weapon":4,"gimbal":2,"steering":5,"thruster":0,"chassis":1,"scanner":2,"colour":0,"skewMod":0,"skew":1,"value":"0.600","weaponNormal":"1.000","thrusterNormal":"0.200","steeringNormal":"1.000","chassisNormal":"0.400","gimbalNormal":"0.500","scannerNormal":"0.500"},{"seed":"59f61220-1068-4822-b336-f7aae3f2b6fa","name":"Futis","weapon":0,"gimbal":3,"steering":2,"thruster":1,"chassis":1,"scanner":5,"colour":0,"skewMod":0,"skew":1,"value":"0.528","weaponNormal":"0.200","thrusterNormal":"0.400","steeringNormal":"0.500","chassisNormal":"0.400","gimbalNormal":"0.667","scannerNormal":"1.000"},{"seed":"59f61220-1068-4822-b336-f7aae3f2b6fa","name":"Lenus Mk LXVI","weapon":0,"gimbal":1,"steering":5,"thruster":1,"chassis":3,"scanner":0,"colour":0,"skewMod":0,"skew":1,"value":"0.483","weaponNormal":"0.200","thrusterNormal":"0.400","steeringNormal":"1.000","chassisNormal":"0.800","gimbalNormal":"0.333","scannerNormal":"0.167"}]}