{"id":41,"seed":"ee93096e-93a3-400c-b85a-0e23851cfb9f","leader":"Nurus v2.54","colour":5,"value":"0.759","drones":[{"seed":"ee93096e-93a3-400c-b85a-0e23851cfb9f","name":"Nurus v2.54","weapon":0,"gimbal":4,"steering":4,"thruster":3,"chassis":4,"scanner":5,"colour":5,"skewMod":0,"skew":1,"value":"0.778","weaponNormal":"0.200","thrusterNormal":"0.800","steeringNormal":"0.833","chassisNormal":"1.000","gimbalNormal":"0.833","scannerNormal":"1.000"},{"seed":"ee93096e-93a3-400c-b85a-0e23851cfb9f","name":"Canov Mk XXXIX","weapon":4,"gimbal":0,"steering":5,"thruster":0,"chassis":3,"scanner":5,"colour":5,"skewMod":0,"skew":1,"value":"0.695","weaponNormal":"1.000","thrusterNormal":"0.200","steeringNormal":"1.000","chassisNormal":"0.800","gimbalNormal":"0.167","scannerNormal":"1.000"},{"seed":"ee93096e-93a3-400c-b85a-0e23851cfb9f","name":"Iater v37.65","weapon":4,"gimbal":3,"steering":2,"thruster":3,"chassis":0,"scanner":3,"colour":5,"skewMod":0,"skew":1,"value":"0.639","weaponNormal":"1.000","thrusterNormal":"0.800","steeringNormal":"0.500","chassisNormal":"0.200","gimbalNormal":"0.667","scannerNormal":"0.667"},{"seed":"ee93096e-93a3-400c-b85a-0e23851cfb9f","name":"Yarus","weapon":2,"gimbal":5,"steering":4,"thruster":0,"chassis":3,"scanner":0,"colour":5,"skewMod":0,"skew":1,"value":"0.600","weaponNormal":"0.600","thrusterNormal":"0.200","steeringNormal":"0.833","chassisNormal":"0.800","gimbalNormal":"1.000","scannerNormal":"0.167"},{"seed":"ee93096e-93a3-400c-b85a-0e23851cfb9f","name":"Yovis","weapon":0,"gimbal":2,"steering":5,"thruster":4,"chassis":1,"scanner":1,"colour":5,"skewMod":0,"skew":1,"value":"0.572","weaponNormal":"0.200","thrusterNormal":"1.000","steeringNormal":"1.000","chassisNormal":"0.400","gimbalNormal":"0.500","scannerNormal":"0.333"},{"seed":"ee93096e-93a3-400c-b85a-0e23851cfb9f","name":"Nuruta","weapon":0,"gimbal":2,"steering":3,"thruster":1,"chassis":3,"scanner":2,"colour":5,"skewMod":0,"skew":1,"value":"0.511","weaponNormal":"0.200","thrusterNormal":"0.400","steeringNormal":"0.667","chassisNormal":"0.800","gimbalNormal":"0.500","scannerNormal":"0.500"}]}