{"id":29,"seed":"28ddf04b-9b4c-4795-bb98-44f320870c17","leader":"Zewei","colour":5,"value":"0.660","drones":[{"seed":"28ddf04b-9b4c-4795-bb98-44f320870c17","name":"Zewei","weapon":3,"gimbal":4,"steering":2,"thruster":3,"chassis":2,"scanner":5,"colour":5,"skewMod":0,"skew":1,"value":"0.756","weaponNormal":"0.800","thrusterNormal":"0.800","steeringNormal":"0.500","chassisNormal":"0.600","gimbalNormal":"0.833","scannerNormal":"1.000"},{"seed":"28ddf04b-9b4c-4795-bb98-44f320870c17","name":"Suter","weapon":2,"gimbal":4,"steering":3,"thruster":2,"chassis":0,"scanner":4,"colour":5,"skewMod":0,"skew":1,"value":"0.622","weaponNormal":"0.600","thrusterNormal":"0.600","steeringNormal":"0.667","chassisNormal":"0.200","gimbalNormal":"0.833","scannerNormal":"0.833"},{"seed":"28ddf04b-9b4c-4795-bb98-44f320870c17","name":"Buyama","weapon":0,"gimbal":0,"steering":1,"thruster":3,"chassis":2,"scanner":5,"colour":5,"skewMod":0,"skew":1,"value":"0.517","weaponNormal":"0.200","thrusterNormal":"0.800","steeringNormal":"0.333","chassisNormal":"0.600","gimbalNormal":"0.167","scannerNormal":"1.000"},{"seed":"28ddf04b-9b4c-4795-bb98-44f320870c17","name":"Devis","weapon":2,"gimbal":1,"steering":1,"thruster":0,"chassis":3,"scanner":3,"colour":5,"skewMod":0,"skew":1,"value":"0.489","weaponNormal":"0.600","thrusterNormal":"0.200","steeringNormal":"0.333","chassisNormal":"0.800","gimbalNormal":"0.333","scannerNormal":"0.667"},{"seed":"28ddf04b-9b4c-4795-bb98-44f320870c17","name":"Xuhiri v17.89","weapon":1,"gimbal":3,"steering":1,"thruster":3,"chassis":0,"scanner":2,"colour":5,"skewMod":0,"skew":1,"value":"0.483","weaponNormal":"0.400","thrusterNormal":"0.800","steeringNormal":"0.333","chassisNormal":"0.200","gimbalNormal":"0.667","scannerNormal":"0.500"},{"seed":"28ddf04b-9b4c-4795-bb98-44f320870c17","name":"Ioruta","weapon":1,"gimbal":1,"steering":0,"thruster":1,"chassis":3,"scanner":2,"colour":5,"skewMod":0,"skew":1,"value":"0.433","weaponNormal":"0.400","thrusterNormal":"0.400","steeringNormal":"0.167","chassisNormal":"0.800","gimbalNormal":"0.333","scannerNormal":"0.500"}]}