{"id":52,"seed":"31f76dbc-a5d9-4270-bd78-7dd1f7f13972","leader":"Keliv","colour":0,"value":"0.669","drones":[{"seed":"31f76dbc-a5d9-4270-bd78-7dd1f7f13972","name":"Keliv","weapon":3,"gimbal":5,"steering":1,"thruster":3,"chassis":1,"scanner":3,"colour":0,"skewMod":0,"skew":1,"value":"0.667","weaponNormal":"0.800","thrusterNormal":"0.800","steeringNormal":"0.333","chassisNormal":"0.400","gimbalNormal":"1.000","scannerNormal":"0.667"},{"seed":"31f76dbc-a5d9-4270-bd78-7dd1f7f13972","name":"Vunides v48.14","weapon":2,"gimbal":2,"steering":2,"thruster":0,"chassis":3,"scanner":5,"colour":0,"skewMod":0,"skew":1,"value":"0.600","weaponNormal":"0.600","thrusterNormal":"0.200","steeringNormal":"0.500","chassisNormal":"0.800","gimbalNormal":"0.500","scannerNormal":"1.000"},{"seed":"31f76dbc-a5d9-4270-bd78-7dd1f7f13972","name":"Zorilia","weapon":2,"gimbal":0,"steering":5,"thruster":2,"chassis":4,"scanner":0,"colour":0,"skewMod":0,"skew":1,"value":"0.589","weaponNormal":"0.600","thrusterNormal":"0.600","steeringNormal":"1.000","chassisNormal":"1.000","gimbalNormal":"0.167","scannerNormal":"0.167"},{"seed":"31f76dbc-a5d9-4270-bd78-7dd1f7f13972","name":"Voyama Mk XXIII","weapon":0,"gimbal":2,"steering":2,"thruster":1,"chassis":3,"scanner":5,"colour":0,"skewMod":0,"skew":1,"value":"0.567","weaponNormal":"0.200","thrusterNormal":"0.400","steeringNormal":"0.500","chassisNormal":"0.800","gimbalNormal":"0.500","scannerNormal":"1.000"},{"seed":"31f76dbc-a5d9-4270-bd78-7dd1f7f13972","name":"Qustea","weapon":3,"gimbal":1,"steering":1,"thruster":3,"chassis":1,"scanner":0,"colour":0,"skewMod":0,"skew":1,"value":"0.472","weaponNormal":"0.800","thrusterNormal":"0.800","steeringNormal":"0.333","chassisNormal":"0.400","gimbalNormal":"0.333","scannerNormal":"0.167"},{"seed":"31f76dbc-a5d9-4270-bd78-7dd1f7f13972","name":"Zetania","weapon":0,"gimbal":3,"steering":3,"thruster":3,"chassis":0,"scanner":0,"colour":0,"skewMod":0,"skew":1,"value":"0.450","weaponNormal":"0.200","thrusterNormal":"0.800","steeringNormal":"0.667","chassisNormal":"0.200","gimbalNormal":"0.667","scannerNormal":"0.167"}]}