{"id":9,"seed":"f96f1fe8-1bf2-4146-9792-71f142c180e1","leader":"Jatera","colour":3,"value":"0.639","drones":[{"seed":"f96f1fe8-1bf2-4146-9792-71f142c180e1","name":"Jatera","weapon":4,"gimbal":3,"steering":2,"thruster":2,"chassis":2,"scanner":0,"colour":3,"skewMod":0,"skew":1,"value":"0.589","weaponNormal":"1.000","thrusterNormal":"0.600","steeringNormal":"0.500","chassisNormal":"0.600","gimbalNormal":"0.667","scannerNormal":"0.167"},{"seed":"f96f1fe8-1bf2-4146-9792-71f142c180e1","name":"Sathea","weapon":1,"gimbal":4,"steering":4,"thruster":3,"chassis":0,"scanner":1,"colour":3,"skewMod":0,"skew":1,"value":"0.567","weaponNormal":"0.400","thrusterNormal":"0.800","steeringNormal":"0.833","chassisNormal":"0.200","gimbalNormal":"0.833","scannerNormal":"0.333"},{"seed":"f96f1fe8-1bf2-4146-9792-71f142c180e1","name":"Facury","weapon":2,"gimbal":3,"steering":3,"thruster":0,"chassis":3,"scanner":1,"colour":3,"skewMod":0,"skew":1,"value":"0.545","weaponNormal":"0.600","thrusterNormal":"0.200","steeringNormal":"0.667","chassisNormal":"0.800","gimbalNormal":"0.667","scannerNormal":"0.333"},{"seed":"f96f1fe8-1bf2-4146-9792-71f142c180e1","name":"Cenov","weapon":1,"gimbal":1,"steering":2,"thruster":1,"chassis":2,"scanner":4,"colour":3,"skewMod":0,"skew":1,"value":"0.511","weaponNormal":"0.400","thrusterNormal":"0.400","steeringNormal":"0.500","chassisNormal":"0.600","gimbalNormal":"0.333","scannerNormal":"0.833"},{"seed":"f96f1fe8-1bf2-4146-9792-71f142c180e1","name":"Xomia","weapon":3,"gimbal":3,"steering":1,"thruster":1,"chassis":2,"scanner":0,"colour":3,"skewMod":0,"skew":1,"value":"0.494","weaponNormal":"0.800","thrusterNormal":"0.400","steeringNormal":"0.333","chassisNormal":"0.600","gimbalNormal":"0.667","scannerNormal":"0.167"},{"seed":"f96f1fe8-1bf2-4146-9792-71f142c180e1","name":"Jumia","weapon":1,"gimbal":0,"steering":2,"thruster":4,"chassis":0,"scanner":3,"colour":3,"skewMod":0,"skew":1,"value":"0.489","weaponNormal":"0.400","thrusterNormal":"1.000","steeringNormal":"0.500","chassisNormal":"0.200","gimbalNormal":"0.167","scannerNormal":"0.667"}]}