{"id":67,"seed":"4fc4abc1-efea-4bae-aafb-6dd488d4efd8","leader":"Sanus","colour":0,"value":"0.656","drones":[{"seed":"4fc4abc1-efea-4bae-aafb-6dd488d4efd8","name":"Sanus","weapon":1,"gimbal":3,"steering":5,"thruster":3,"chassis":2,"scanner":3,"colour":0,"skewMod":0,"skew":1,"value":"0.689","weaponNormal":"0.400","thrusterNormal":"0.800","steeringNormal":"1.000","chassisNormal":"0.600","gimbalNormal":"0.667","scannerNormal":"0.667"},{"seed":"4fc4abc1-efea-4bae-aafb-6dd488d4efd8","name":"Hutania v30.77","weapon":4,"gimbal":5,"steering":1,"thruster":2,"chassis":0,"scanner":5,"colour":0,"skewMod":0,"skew":1,"value":"0.689","weaponNormal":"1.000","thrusterNormal":"0.600","steeringNormal":"0.333","chassisNormal":"0.200","gimbalNormal":"1.000","scannerNormal":"1.000"},{"seed":"4fc4abc1-efea-4bae-aafb-6dd488d4efd8","name":"Fonus","weapon":0,"gimbal":1,"steering":3,"thruster":3,"chassis":0,"scanner":4,"colour":0,"skewMod":0,"skew":1,"value":"0.506","weaponNormal":"0.200","thrusterNormal":"0.800","steeringNormal":"0.667","chassisNormal":"0.200","gimbalNormal":"0.333","scannerNormal":"0.833"},{"seed":"4fc4abc1-efea-4bae-aafb-6dd488d4efd8","name":"Wethea","weapon":0,"gimbal":3,"steering":2,"thruster":1,"chassis":1,"scanner":4,"colour":0,"skewMod":0,"skew":1,"value":"0.500","weaponNormal":"0.200","thrusterNormal":"0.400","steeringNormal":"0.500","chassisNormal":"0.400","gimbalNormal":"0.667","scannerNormal":"0.833"},{"seed":"4fc4abc1-efea-4bae-aafb-6dd488d4efd8","name":"Punia Mk LXXXI","weapon":1,"gimbal":5,"steering":2,"thruster":0,"chassis":0,"scanner":3,"colour":0,"skewMod":0,"skew":1,"value":"0.494","weaponNormal":"0.400","thrusterNormal":"0.200","steeringNormal":"0.500","chassisNormal":"0.200","gimbalNormal":"1.000","scannerNormal":"0.667"},{"seed":"4fc4abc1-efea-4bae-aafb-6dd488d4efd8","name":"Jeliv","weapon":1,"gimbal":1,"steering":0,"thruster":3,"chassis":0,"scanner":2,"colour":0,"skewMod":0,"skew":1,"value":"0.400","weaponNormal":"0.400","thrusterNormal":"0.800","steeringNormal":"0.167","chassisNormal":"0.200","gimbalNormal":"0.333","scannerNormal":"0.500"}]}