{"id":34,"seed":"311ecc2a-99e3-4a5c-a686-8b1b80caff28","leader":"Raturn","colour":5,"value":"0.796","drones":[{"seed":"311ecc2a-99e3-4a5c-a686-8b1b80caff28","name":"Raturn","weapon":2,"gimbal":5,"steering":4,"thruster":3,"chassis":2,"scanner":4,"colour":5,"skewMod":0,"skew":1,"value":"0.778","weaponNormal":"0.600","thrusterNormal":"0.800","steeringNormal":"0.833","chassisNormal":"0.600","gimbalNormal":"1.000","scannerNormal":"0.833"},{"seed":"311ecc2a-99e3-4a5c-a686-8b1b80caff28","name":"Logawa Mk LXXIX","weapon":2,"gimbal":3,"steering":4,"thruster":4,"chassis":4,"scanner":0,"colour":5,"skewMod":0,"skew":1,"value":"0.711","weaponNormal":"0.600","thrusterNormal":"1.000","steeringNormal":"0.833","chassisNormal":"1.000","gimbalNormal":"0.667","scannerNormal":"0.167"},{"seed":"311ecc2a-99e3-4a5c-a686-8b1b80caff28","name":"Kolara Mk LXXXI","weapon":1,"gimbal":5,"steering":3,"thruster":2,"chassis":3,"scanner":3,"colour":5,"skewMod":0,"skew":1,"value":"0.689","weaponNormal":"0.400","thrusterNormal":"0.600","steeringNormal":"0.667","chassisNormal":"0.800","gimbalNormal":"1.000","scannerNormal":"0.667"},{"seed":"311ecc2a-99e3-4a5c-a686-8b1b80caff28","name":"Genus","weapon":2,"gimbal":4,"steering":3,"thruster":4,"chassis":1,"scanner":2,"colour":5,"skewMod":0,"skew":1,"value":"0.667","weaponNormal":"0.600","thrusterNormal":"1.000","steeringNormal":"0.667","chassisNormal":"0.400","gimbalNormal":"0.833","scannerNormal":"0.500"},{"seed":"311ecc2a-99e3-4a5c-a686-8b1b80caff28","name":"Watera Mk LV","weapon":2,"gimbal":5,"steering":0,"thruster":2,"chassis":4,"scanner":1,"colour":5,"skewMod":0,"skew":1,"value":"0.617","weaponNormal":"0.600","thrusterNormal":"0.600","steeringNormal":"0.167","chassisNormal":"1.000","gimbalNormal":"1.000","scannerNormal":"0.333"},{"seed":"311ecc2a-99e3-4a5c-a686-8b1b80caff28","name":"Wumia","weapon":1,"gimbal":3,"steering":1,"thruster":3,"chassis":1,"scanner":2,"colour":5,"skewMod":0,"skew":1,"value":"0.517","weaponNormal":"0.400","thrusterNormal":"0.800","steeringNormal":"0.333","chassisNormal":"0.400","gimbalNormal":"0.667","scannerNormal":"0.500"}]}