{"id":16,"seed":"ae2cd215-ae04-4ea9-92d4-0e24e977f74d","leader":"Yeliv","colour":4,"value":"0.637","drones":[{"seed":"ae2cd215-ae04-4ea9-92d4-0e24e977f74d","name":"Yeliv","weapon":1,"gimbal":2,"steering":3,"thruster":3,"chassis":4,"scanner":4,"colour":4,"skewMod":0,"skew":1,"value":"0.700","weaponNormal":"0.400","thrusterNormal":"0.800","steeringNormal":"0.667","chassisNormal":"1.000","gimbalNormal":"0.500","scannerNormal":"0.833"},{"seed":"ae2cd215-ae04-4ea9-92d4-0e24e977f74d","name":"Cowei Mk LXX","weapon":4,"gimbal":0,"steering":5,"thruster":1,"chassis":0,"scanner":1,"colour":4,"skewMod":0,"skew":1,"value":"0.517","weaponNormal":"1.000","thrusterNormal":"0.400","steeringNormal":"1.000","chassisNormal":"0.200","gimbalNormal":"0.167","scannerNormal":"0.333"},{"seed":"ae2cd215-ae04-4ea9-92d4-0e24e977f74d","name":"Kotis","weapon":0,"gimbal":3,"steering":5,"thruster":2,"chassis":1,"scanner":0,"colour":4,"skewMod":0,"skew":1,"value":"0.506","weaponNormal":"0.200","thrusterNormal":"0.600","steeringNormal":"1.000","chassisNormal":"0.400","gimbalNormal":"0.667","scannerNormal":"0.167"},{"seed":"ae2cd215-ae04-4ea9-92d4-0e24e977f74d","name":"Hotov","weapon":1,"gimbal":1,"steering":1,"thruster":3,"chassis":3,"scanner":1,"colour":4,"skewMod":0,"skew":1,"value":"0.500","weaponNormal":"0.400","thrusterNormal":"0.800","steeringNormal":"0.333","chassisNormal":"0.800","gimbalNormal":"0.333","scannerNormal":"0.333"},{"seed":"ae2cd215-ae04-4ea9-92d4-0e24e977f74d","name":"Mothea Mk VIII","weapon":0,"gimbal":0,"steering":5,"thruster":3,"chassis":1,"scanner":1,"colour":4,"skewMod":0,"skew":1,"value":"0.483","weaponNormal":"0.200","thrusterNormal":"0.800","steeringNormal":"1.000","chassisNormal":"0.400","gimbalNormal":"0.167","scannerNormal":"0.333"},{"seed":"ae2cd215-ae04-4ea9-92d4-0e24e977f74d","name":"Manides","weapon":0,"gimbal":1,"steering":1,"thruster":3,"chassis":0,"scanner":5,"colour":4,"skewMod":0,"skew":1,"value":"0.478","weaponNormal":"0.200","thrusterNormal":"0.800","steeringNormal":"0.333","chassisNormal":"0.200","gimbalNormal":"0.333","scannerNormal":"1.000"}]}