{"id":0,"seed":"de185033-3d3b-4e5f-9f8d-5d933e6733e3","leader":"Rozuno","colour":4,"value":"0.850","drones":[{"seed":"de185033-3d3b-4e5f-9f8d-5d933e6733e3","name":"Rozuno","weapon":4,"gimbal":5,"steering":4,"thruster":3,"chassis":4,"scanner":2,"colour":4,"skewMod":0,"skew":1,"value":"0.856","weaponNormal":"1.000","thrusterNormal":"0.800","steeringNormal":"0.833","chassisNormal":"1.000","gimbalNormal":"1.000","scannerNormal":"0.500"},{"seed":"de185033-3d3b-4e5f-9f8d-5d933e6733e3","name":"Veter","weapon":4,"gimbal":4,"steering":4,"thruster":0,"chassis":4,"scanner":4,"colour":4,"skewMod":0,"skew":1,"value":"0.783","weaponNormal":"1.000","thrusterNormal":"0.200","steeringNormal":"0.833","chassisNormal":"1.000","gimbalNormal":"0.833","scannerNormal":"0.833"},{"seed":"de185033-3d3b-4e5f-9f8d-5d933e6733e3","name":"Lenides v50.84","weapon":4,"gimbal":3,"steering":2,"thruster":4,"chassis":3,"scanner":2,"colour":4,"skewMod":0,"skew":1,"value":"0.744","weaponNormal":"1.000","thrusterNormal":"1.000","steeringNormal":"0.500","chassisNormal":"0.800","gimbalNormal":"0.667","scannerNormal":"0.500"},{"seed":"de185033-3d3b-4e5f-9f8d-5d933e6733e3","name":"Yalara","weapon":1,"gimbal":4,"steering":3,"thruster":3,"chassis":1,"scanner":4,"colour":4,"skewMod":0,"skew":1,"value":"0.656","weaponNormal":"0.400","thrusterNormal":"0.800","steeringNormal":"0.667","chassisNormal":"0.400","gimbalNormal":"0.833","scannerNormal":"0.833"},{"seed":"de185033-3d3b-4e5f-9f8d-5d933e6733e3","name":"Qanov Mk XCV","weapon":4,"gimbal":3,"steering":0,"thruster":3,"chassis":4,"scanner":0,"colour":4,"skewMod":0,"skew":1,"value":"0.634","weaponNormal":"1.000","thrusterNormal":"0.800","steeringNormal":"0.167","chassisNormal":"1.000","gimbalNormal":"0.667","scannerNormal":"0.167"},{"seed":"de185033-3d3b-4e5f-9f8d-5d933e6733e3","name":"Loter Mk LXXII","weapon":4,"gimbal":2,"steering":3,"thruster":1,"chassis":1,"scanner":2,"colour":4,"skewMod":0,"skew":1,"value":"0.578","weaponNormal":"1.000","thrusterNormal":"0.400","steeringNormal":"0.667","chassisNormal":"0.400","gimbalNormal":"0.500","scannerNormal":"0.500"}]}