{"id":21,"seed":"8207a3c2-ae7d-4634-9e0e-334ce48cf404","leader":"Ponope Mk XLII","colour":3,"value":"0.732","drones":[{"seed":"8207a3c2-ae7d-4634-9e0e-334ce48cf404","name":"Ponope Mk XLII","weapon":2,"gimbal":1,"steering":5,"thruster":4,"chassis":3,"scanner":4,"colour":3,"skewMod":0,"skew":1,"value":"0.761","weaponNormal":"0.600","thrusterNormal":"1.000","steeringNormal":"1.000","chassisNormal":"0.800","gimbalNormal":"0.333","scannerNormal":"0.833"},{"seed":"8207a3c2-ae7d-4634-9e0e-334ce48cf404","name":"Jugantu Mk XXXV","weapon":1,"gimbal":4,"steering":4,"thruster":1,"chassis":3,"scanner":4,"colour":3,"skewMod":0,"skew":1,"value":"0.683","weaponNormal":"0.400","thrusterNormal":"0.400","steeringNormal":"0.833","chassisNormal":"0.800","gimbalNormal":"0.833","scannerNormal":"0.833"},{"seed":"8207a3c2-ae7d-4634-9e0e-334ce48cf404","name":"Jehines","weapon":3,"gimbal":3,"steering":5,"thruster":0,"chassis":3,"scanner":0,"colour":3,"skewMod":0,"skew":1,"value":"0.606","weaponNormal":"0.800","thrusterNormal":"0.200","steeringNormal":"1.000","chassisNormal":"0.800","gimbalNormal":"0.667","scannerNormal":"0.167"},{"seed":"8207a3c2-ae7d-4634-9e0e-334ce48cf404","name":"Lanerth","weapon":1,"gimbal":4,"steering":2,"thruster":1,"chassis":3,"scanner":2,"colour":3,"skewMod":0,"skew":1,"value":"0.572","weaponNormal":"0.400","thrusterNormal":"0.400","steeringNormal":"0.500","chassisNormal":"0.800","gimbalNormal":"0.833","scannerNormal":"0.500"},{"seed":"8207a3c2-ae7d-4634-9e0e-334ce48cf404","name":"Sugawa","weapon":2,"gimbal":2,"steering":2,"thruster":3,"chassis":0,"scanner":4,"colour":3,"skewMod":0,"skew":1,"value":"0.572","weaponNormal":"0.600","thrusterNormal":"0.800","steeringNormal":"0.500","chassisNormal":"0.200","gimbalNormal":"0.500","scannerNormal":"0.833"},{"seed":"8207a3c2-ae7d-4634-9e0e-334ce48cf404","name":"Xehines","weapon":0,"gimbal":1,"steering":2,"thruster":2,"chassis":4,"scanner":0,"colour":3,"skewMod":0,"skew":1,"value":"0.467","weaponNormal":"0.200","thrusterNormal":"0.600","steeringNormal":"0.500","chassisNormal":"1.000","gimbalNormal":"0.333","scannerNormal":"0.167"}]}