{"id":8,"seed":"4f267fa5-85ca-44dc-ae0a-07b6d6815ab5","leader":"Galiv v14.52","colour":0,"value":"0.724","drones":[{"seed":"4f267fa5-85ca-44dc-ae0a-07b6d6815ab5","name":"Galiv v14.52","weapon":4,"gimbal":4,"steering":4,"thruster":1,"chassis":3,"scanner":3,"colour":0,"skewMod":0,"skew":1,"value":"0.755","weaponNormal":"1.000","thrusterNormal":"0.400","steeringNormal":"0.833","chassisNormal":"0.800","gimbalNormal":"0.833","scannerNormal":"0.667"},{"seed":"4f267fa5-85ca-44dc-ae0a-07b6d6815ab5","name":"Logantu","weapon":3,"gimbal":1,"steering":5,"thruster":3,"chassis":4,"scanner":2,"colour":0,"skewMod":0,"skew":1,"value":"0.739","weaponNormal":"0.800","thrusterNormal":"0.800","steeringNormal":"1.000","chassisNormal":"1.000","gimbalNormal":"0.333","scannerNormal":"0.500"},{"seed":"4f267fa5-85ca-44dc-ae0a-07b6d6815ab5","name":"Tanides v10.24","weapon":3,"gimbal":4,"steering":1,"thruster":3,"chassis":1,"scanner":2,"colour":0,"skewMod":0,"skew":1,"value":"0.611","weaponNormal":"0.800","thrusterNormal":"0.800","steeringNormal":"0.333","chassisNormal":"0.400","gimbalNormal":"0.833","scannerNormal":"0.500"},{"seed":"4f267fa5-85ca-44dc-ae0a-07b6d6815ab5","name":"Vucury","weapon":3,"gimbal":0,"steering":2,"thruster":4,"chassis":0,"scanner":4,"colour":0,"skewMod":0,"skew":1,"value":"0.583","weaponNormal":"0.800","thrusterNormal":"1.000","steeringNormal":"0.500","chassisNormal":"0.200","gimbalNormal":"0.167","scannerNormal":"0.833"},{"seed":"4f267fa5-85ca-44dc-ae0a-07b6d6815ab5","name":"Lohines v27.31","weapon":0,"gimbal":4,"steering":0,"thruster":2,"chassis":3,"scanner":4,"colour":0,"skewMod":0,"skew":1,"value":"0.572","weaponNormal":"0.200","thrusterNormal":"0.600","steeringNormal":"0.167","chassisNormal":"0.800","gimbalNormal":"0.833","scannerNormal":"0.833"},{"seed":"4f267fa5-85ca-44dc-ae0a-07b6d6815ab5","name":"Vovis Mk XCIV","weapon":0,"gimbal":0,"steering":1,"thruster":0,"chassis":2,"scanner":3,"colour":0,"skewMod":0,"skew":1,"value":"0.361","weaponNormal":"0.200","thrusterNormal":"0.200","steeringNormal":"0.333","chassisNormal":"0.600","gimbalNormal":"0.167","scannerNormal":"0.667"}]}