{"id":61,"seed":"34854dd3-29c3-4e3d-b485-669efa30da4e","leader":"Pegawa","colour":4,"value":"0.692","drones":[{"seed":"34854dd3-29c3-4e3d-b485-669efa30da4e","name":"Pegawa","weapon":4,"gimbal":3,"steering":5,"thruster":2,"chassis":3,"scanner":4,"colour":4,"skewMod":0,"skew":1,"value":"0.817","weaponNormal":"1.000","thrusterNormal":"0.600","steeringNormal":"1.000","chassisNormal":"0.800","gimbalNormal":"0.667","scannerNormal":"0.833"},{"seed":"34854dd3-29c3-4e3d-b485-669efa30da4e","name":"Jaturn","weapon":4,"gimbal":1,"steering":3,"thruster":0,"chassis":2,"scanner":5,"colour":4,"skewMod":0,"skew":1,"value":"0.633","weaponNormal":"1.000","thrusterNormal":"0.200","steeringNormal":"0.667","chassisNormal":"0.600","gimbalNormal":"0.333","scannerNormal":"1.000"},{"seed":"34854dd3-29c3-4e3d-b485-669efa30da4e","name":"Sehines","weapon":0,"gimbal":5,"steering":0,"thruster":1,"chassis":4,"scanner":4,"colour":4,"skewMod":0,"skew":1,"value":"0.600","weaponNormal":"0.200","thrusterNormal":"0.400","steeringNormal":"0.167","chassisNormal":"1.000","gimbalNormal":"1.000","scannerNormal":"0.833"},{"seed":"34854dd3-29c3-4e3d-b485-669efa30da4e","name":"Lacarro","weapon":1,"gimbal":0,"steering":2,"thruster":1,"chassis":4,"scanner":4,"colour":4,"skewMod":0,"skew":1,"value":"0.550","weaponNormal":"0.400","thrusterNormal":"0.400","steeringNormal":"0.500","chassisNormal":"1.000","gimbalNormal":"0.167","scannerNormal":"0.833"},{"seed":"34854dd3-29c3-4e3d-b485-669efa30da4e","name":"Iostea Mk LVIII","weapon":4,"gimbal":0,"steering":1,"thruster":0,"chassis":2,"scanner":2,"colour":4,"skewMod":0,"skew":1,"value":"0.467","weaponNormal":"1.000","thrusterNormal":"0.200","steeringNormal":"0.333","chassisNormal":"0.600","gimbalNormal":"0.167","scannerNormal":"0.500"},{"seed":"34854dd3-29c3-4e3d-b485-669efa30da4e","name":"Nalia","weapon":1,"gimbal":1,"steering":0,"thruster":2,"chassis":0,"scanner":3,"colour":4,"skewMod":0,"skew":1,"value":"0.395","weaponNormal":"0.400","thrusterNormal":"0.600","steeringNormal":"0.167","chassisNormal":"0.200","gimbalNormal":"0.333","scannerNormal":"0.667"}]}