{"id":37,"seed":"774a2144-6e41-4d00-b997-e761098f1570","leader":"Iayama Mk LVIII","colour":5,"value":"0.664","drones":[{"seed":"774a2144-6e41-4d00-b997-e761098f1570","name":"Iayama Mk LVIII","weapon":1,"gimbal":5,"steering":0,"thruster":2,"chassis":4,"scanner":3,"colour":5,"skewMod":0,"skew":1,"value":"0.639","weaponNormal":"0.400","thrusterNormal":"0.600","steeringNormal":"0.167","chassisNormal":"1.000","gimbalNormal":"1.000","scannerNormal":"0.667"},{"seed":"774a2144-6e41-4d00-b997-e761098f1570","name":"Yotis v39.55","weapon":4,"gimbal":5,"steering":3,"thruster":0,"chassis":1,"scanner":1,"colour":5,"skewMod":0,"skew":1,"value":"0.600","weaponNormal":"1.000","thrusterNormal":"0.200","steeringNormal":"0.667","chassisNormal":"0.400","gimbalNormal":"1.000","scannerNormal":"0.333"},{"seed":"774a2144-6e41-4d00-b997-e761098f1570","name":"Janus","weapon":0,"gimbal":5,"steering":1,"thruster":0,"chassis":4,"scanner":4,"colour":5,"skewMod":0,"skew":1,"value":"0.594","weaponNormal":"0.200","thrusterNormal":"0.200","steeringNormal":"0.333","chassisNormal":"1.000","gimbalNormal":"1.000","scannerNormal":"0.833"},{"seed":"774a2144-6e41-4d00-b997-e761098f1570","name":"Tutania Mk LXV","weapon":1,"gimbal":0,"steering":3,"thruster":3,"chassis":4,"scanner":0,"colour":5,"skewMod":0,"skew":1,"value":"0.533","weaponNormal":"0.400","thrusterNormal":"0.800","steeringNormal":"0.667","chassisNormal":"1.000","gimbalNormal":"0.167","scannerNormal":"0.167"},{"seed":"774a2144-6e41-4d00-b997-e761098f1570","name":"Furia","weapon":1,"gimbal":4,"steering":2,"thruster":0,"chassis":3,"scanner":1,"colour":5,"skewMod":0,"skew":1,"value":"0.511","weaponNormal":"0.400","thrusterNormal":"0.200","steeringNormal":"0.500","chassisNormal":"0.800","gimbalNormal":"0.833","scannerNormal":"0.333"},{"seed":"774a2144-6e41-4d00-b997-e761098f1570","name":"Wonus","weapon":0,"gimbal":4,"steering":3,"thruster":1,"chassis":1,"scanner":0,"colour":5,"skewMod":0,"skew":1,"value":"0.444","weaponNormal":"0.200","thrusterNormal":"0.400","steeringNormal":"0.667","chassisNormal":"0.400","gimbalNormal":"0.833","scannerNormal":"0.167"}]}