{"id":69,"seed":"eef30276-9a5f-43a5-81c0-197f499bf467","leader":"Monus","colour":5,"value":"0.687","drones":[{"seed":"eef30276-9a5f-43a5-81c0-197f499bf467","name":"Monus","weapon":4,"gimbal":0,"steering":5,"thruster":3,"chassis":3,"scanner":1,"colour":5,"skewMod":0,"skew":1,"value":"0.683","weaponNormal":"1.000","thrusterNormal":"0.800","steeringNormal":"1.000","chassisNormal":"0.800","gimbalNormal":"0.167","scannerNormal":"0.333"},{"seed":"eef30276-9a5f-43a5-81c0-197f499bf467","name":"Tulea","weapon":3,"gimbal":3,"steering":1,"thruster":2,"chassis":4,"scanner":0,"colour":5,"skewMod":0,"skew":1,"value":"0.594","weaponNormal":"0.800","thrusterNormal":"0.600","steeringNormal":"0.333","chassisNormal":"1.000","gimbalNormal":"0.667","scannerNormal":"0.167"},{"seed":"eef30276-9a5f-43a5-81c0-197f499bf467","name":"Jotov v21.51","weapon":3,"gimbal":4,"steering":0,"thruster":1,"chassis":4,"scanner":1,"colour":5,"skewMod":0,"skew":1,"value":"0.589","weaponNormal":"0.800","thrusterNormal":"0.400","steeringNormal":"0.167","chassisNormal":"1.000","gimbalNormal":"0.833","scannerNormal":"0.333"},{"seed":"eef30276-9a5f-43a5-81c0-197f499bf467","name":"Heturn","weapon":1,"gimbal":0,"steering":5,"thruster":4,"chassis":3,"scanner":0,"colour":5,"skewMod":0,"skew":1,"value":"0.589","weaponNormal":"0.400","thrusterNormal":"1.000","steeringNormal":"1.000","chassisNormal":"0.800","gimbalNormal":"0.167","scannerNormal":"0.167"},{"seed":"eef30276-9a5f-43a5-81c0-197f499bf467","name":"Naliv Mk LV","weapon":3,"gimbal":4,"steering":2,"thruster":0,"chassis":3,"scanner":0,"colour":5,"skewMod":0,"skew":1,"value":"0.550","weaponNormal":"0.800","thrusterNormal":"0.200","steeringNormal":"0.500","chassisNormal":"0.800","gimbalNormal":"0.833","scannerNormal":"0.167"},{"seed":"eef30276-9a5f-43a5-81c0-197f499bf467","name":"Tenerth","weapon":1,"gimbal":1,"steering":1,"thruster":3,"chassis":0,"scanner":2,"colour":5,"skewMod":0,"skew":1,"value":"0.428","weaponNormal":"0.400","thrusterNormal":"0.800","steeringNormal":"0.333","chassisNormal":"0.200","gimbalNormal":"0.333","scannerNormal":"0.500"}]}