{"id":63,"seed":"81fb15d7-ee8c-4488-877e-0bc818819329","leader":"Penides","colour":4,"value":"0.687","drones":[{"seed":"81fb15d7-ee8c-4488-877e-0bc818819329","name":"Penides","weapon":4,"gimbal":5,"steering":2,"thruster":2,"chassis":1,"scanner":3,"colour":4,"skewMod":0,"skew":1,"value":"0.695","weaponNormal":"1.000","thrusterNormal":"0.600","steeringNormal":"0.500","chassisNormal":"0.400","gimbalNormal":"1.000","scannerNormal":"0.667"},{"seed":"81fb15d7-ee8c-4488-877e-0bc818819329","name":"Taturn Mk LXIV","weapon":4,"gimbal":0,"steering":3,"thruster":0,"chassis":4,"scanner":3,"colour":4,"skewMod":0,"skew":1,"value":"0.617","weaponNormal":"1.000","thrusterNormal":"0.200","steeringNormal":"0.667","chassisNormal":"1.000","gimbalNormal":"0.167","scannerNormal":"0.667"},{"seed":"81fb15d7-ee8c-4488-877e-0bc818819329","name":"Yephus Mk LV","weapon":4,"gimbal":2,"steering":3,"thruster":0,"chassis":2,"scanner":3,"colour":4,"skewMod":0,"skew":1,"value":"0.606","weaponNormal":"1.000","thrusterNormal":"0.200","steeringNormal":"0.667","chassisNormal":"0.600","gimbalNormal":"0.500","scannerNormal":"0.667"},{"seed":"81fb15d7-ee8c-4488-877e-0bc818819329","name":"Xetania","weapon":3,"gimbal":5,"steering":2,"thruster":1,"chassis":2,"scanner":0,"colour":4,"skewMod":0,"skew":1,"value":"0.578","weaponNormal":"0.800","thrusterNormal":"0.400","steeringNormal":"0.500","chassisNormal":"0.600","gimbalNormal":"1.000","scannerNormal":"0.167"},{"seed":"81fb15d7-ee8c-4488-877e-0bc818819329","name":"Necury","weapon":1,"gimbal":1,"steering":5,"thruster":1,"chassis":2,"scanner":2,"colour":4,"skewMod":0,"skew":1,"value":"0.539","weaponNormal":"0.400","thrusterNormal":"0.400","steeringNormal":"1.000","chassisNormal":"0.600","gimbalNormal":"0.333","scannerNormal":"0.500"},{"seed":"81fb15d7-ee8c-4488-877e-0bc818819329","name":"Dozuno Mk LXXVI","weapon":3,"gimbal":0,"steering":2,"thruster":0,"chassis":1,"scanner":1,"colour":4,"skewMod":0,"skew":1,"value":"0.400","weaponNormal":"0.800","thrusterNormal":"0.200","steeringNormal":"0.500","chassisNormal":"0.400","gimbalNormal":"0.167","scannerNormal":"0.333"}]}