{"id":65,"seed":"f5febebf-fa83-46f8-92dc-11ccbe8d1f26","leader":"Wevis Mk LXXXII","colour":4,"value":"0.635","drones":[{"seed":"f5febebf-fa83-46f8-92dc-11ccbe8d1f26","name":"Wevis Mk LXXXII","weapon":0,"gimbal":4,"steering":5,"thruster":4,"chassis":2,"scanner":1,"colour":4,"skewMod":0,"skew":1,"value":"0.661","weaponNormal":"0.200","thrusterNormal":"1.000","steeringNormal":"1.000","chassisNormal":"0.600","gimbalNormal":"0.833","scannerNormal":"0.333"},{"seed":"f5febebf-fa83-46f8-92dc-11ccbe8d1f26","name":"Guvis","weapon":0,"gimbal":5,"steering":5,"thruster":1,"chassis":0,"scanner":4,"colour":4,"skewMod":0,"skew":1,"value":"0.606","weaponNormal":"0.200","thrusterNormal":"0.400","steeringNormal":"1.000","chassisNormal":"0.200","gimbalNormal":"1.000","scannerNormal":"0.833"},{"seed":"f5febebf-fa83-46f8-92dc-11ccbe8d1f26","name":"Mogawa","weapon":4,"gimbal":4,"steering":0,"thruster":2,"chassis":3,"scanner":0,"colour":4,"skewMod":0,"skew":1,"value":"0.595","weaponNormal":"1.000","thrusterNormal":"0.600","steeringNormal":"0.167","chassisNormal":"0.800","gimbalNormal":"0.833","scannerNormal":"0.167"},{"seed":"f5febebf-fa83-46f8-92dc-11ccbe8d1f26","name":"Mothea","weapon":3,"gimbal":1,"steering":2,"thruster":2,"chassis":1,"scanner":0,"colour":4,"skewMod":0,"skew":1,"value":"0.467","weaponNormal":"0.800","thrusterNormal":"0.600","steeringNormal":"0.500","chassisNormal":"0.400","gimbalNormal":"0.333","scannerNormal":"0.167"},{"seed":"f5febebf-fa83-46f8-92dc-11ccbe8d1f26","name":"Segawa","weapon":0,"gimbal":0,"steering":2,"thruster":1,"chassis":2,"scanner":4,"colour":4,"skewMod":0,"skew":1,"value":"0.450","weaponNormal":"0.200","thrusterNormal":"0.400","steeringNormal":"0.500","chassisNormal":"0.600","gimbalNormal":"0.167","scannerNormal":"0.833"},{"seed":"f5febebf-fa83-46f8-92dc-11ccbe8d1f26","name":"Jurilia","weapon":1,"gimbal":1,"steering":3,"thruster":0,"chassis":2,"scanner":0,"colour":4,"skewMod":0,"skew":1,"value":"0.395","weaponNormal":"0.400","thrusterNormal":"0.200","steeringNormal":"0.667","chassisNormal":"0.600","gimbalNormal":"0.333","scannerNormal":"0.167"}]}