{"id":51,"seed":"fff538c4-4ec0-46c8-9a29-f82be319ebe7","leader":"Lorilia","colour":0,"value":"0.707","drones":[{"seed":"fff538c4-4ec0-46c8-9a29-f82be319ebe7","name":"Lorilia","weapon":3,"gimbal":5,"steering":2,"thruster":4,"chassis":1,"scanner":2,"colour":0,"skewMod":0,"skew":1,"value":"0.700","weaponNormal":"0.800","thrusterNormal":"1.000","steeringNormal":"0.500","chassisNormal":"0.400","gimbalNormal":"1.000","scannerNormal":"0.500"},{"seed":"fff538c4-4ec0-46c8-9a29-f82be319ebe7","name":"Vuliv v9.25","weapon":2,"gimbal":4,"steering":4,"thruster":0,"chassis":3,"scanner":4,"colour":0,"skewMod":0,"skew":1,"value":"0.683","weaponNormal":"0.600","thrusterNormal":"0.200","steeringNormal":"0.833","chassisNormal":"0.800","gimbalNormal":"0.833","scannerNormal":"0.833"},{"seed":"fff538c4-4ec0-46c8-9a29-f82be319ebe7","name":"Gutera v28.82","weapon":4,"gimbal":4,"steering":3,"thruster":2,"chassis":3,"scanner":0,"colour":0,"skewMod":0,"skew":1,"value":"0.678","weaponNormal":"1.000","thrusterNormal":"0.600","steeringNormal":"0.667","chassisNormal":"0.800","gimbalNormal":"0.833","scannerNormal":"0.167"},{"seed":"fff538c4-4ec0-46c8-9a29-f82be319ebe7","name":"Noliv v22.80","weapon":4,"gimbal":1,"steering":5,"thruster":2,"chassis":1,"scanner":1,"colour":0,"skewMod":0,"skew":1,"value":"0.611","weaponNormal":"1.000","thrusterNormal":"0.600","steeringNormal":"1.000","chassisNormal":"0.400","gimbalNormal":"0.333","scannerNormal":"0.333"},{"seed":"fff538c4-4ec0-46c8-9a29-f82be319ebe7","name":"Meria","weapon":2,"gimbal":1,"steering":2,"thruster":3,"chassis":0,"scanner":1,"colour":0,"skewMod":0,"skew":1,"value":"0.461","weaponNormal":"0.600","thrusterNormal":"0.800","steeringNormal":"0.500","chassisNormal":"0.200","gimbalNormal":"0.333","scannerNormal":"0.333"},{"seed":"fff538c4-4ec0-46c8-9a29-f82be319ebe7","name":"Qatania","weapon":0,"gimbal":1,"steering":0,"thruster":3,"chassis":1,"scanner":2,"colour":0,"skewMod":0,"skew":1,"value":"0.400","weaponNormal":"0.200","thrusterNormal":"0.800","steeringNormal":"0.167","chassisNormal":"0.400","gimbalNormal":"0.333","scannerNormal":"0.500"}]}