{"id":25,"seed":"b6096902-c58f-4593-95d3-b0583810a7ea","leader":"Xenus","colour":3,"value":"0.718","drones":[{"seed":"b6096902-c58f-4593-95d3-b0583810a7ea","name":"Xenus","weapon":4,"gimbal":1,"steering":2,"thruster":4,"chassis":3,"scanner":5,"colour":3,"skewMod":0,"skew":1,"value":"0.772","weaponNormal":"1.000","thrusterNormal":"1.000","steeringNormal":"0.500","chassisNormal":"0.800","gimbalNormal":"0.333","scannerNormal":"1.000"},{"seed":"b6096902-c58f-4593-95d3-b0583810a7ea","name":"Mater","weapon":1,"gimbal":4,"steering":3,"thruster":4,"chassis":4,"scanner":1,"colour":3,"skewMod":0,"skew":1,"value":"0.706","weaponNormal":"0.400","thrusterNormal":"1.000","steeringNormal":"0.667","chassisNormal":"1.000","gimbalNormal":"0.833","scannerNormal":"0.333"},{"seed":"b6096902-c58f-4593-95d3-b0583810a7ea","name":"Necury","weapon":4,"gimbal":1,"steering":5,"thruster":4,"chassis":2,"scanner":0,"colour":3,"skewMod":0,"skew":1,"value":"0.683","weaponNormal":"1.000","thrusterNormal":"1.000","steeringNormal":"1.000","chassisNormal":"0.600","gimbalNormal":"0.333","scannerNormal":"0.167"},{"seed":"b6096902-c58f-4593-95d3-b0583810a7ea","name":"Petera","weapon":0,"gimbal":3,"steering":2,"thruster":4,"chassis":0,"scanner":5,"colour":3,"skewMod":0,"skew":1,"value":"0.595","weaponNormal":"0.200","thrusterNormal":"1.000","steeringNormal":"0.500","chassisNormal":"0.200","gimbalNormal":"0.667","scannerNormal":"1.000"},{"seed":"b6096902-c58f-4593-95d3-b0583810a7ea","name":"Muhines","weapon":1,"gimbal":5,"steering":1,"thruster":1,"chassis":1,"scanner":1,"colour":3,"skewMod":0,"skew":1,"value":"0.478","weaponNormal":"0.400","thrusterNormal":"0.400","steeringNormal":"0.333","chassisNormal":"0.400","gimbalNormal":"1.000","scannerNormal":"0.333"},{"seed":"b6096902-c58f-4593-95d3-b0583810a7ea","name":"Yotis","weapon":0,"gimbal":0,"steering":0,"thruster":1,"chassis":0,"scanner":5,"colour":3,"skewMod":0,"skew":1,"value":"0.356","weaponNormal":"0.200","thrusterNormal":"0.400","steeringNormal":"0.167","chassisNormal":"0.200","gimbalNormal":"0.167","scannerNormal":"1.000"}]}