{"id":80,"seed":"5910ac8f-a1b2-4a7c-893f-e3ab15a32ff5","leader":"Qelara Mk XIX","colour":2,"value":"0.649","drones":[{"seed":"5910ac8f-a1b2-4a7c-893f-e3ab15a32ff5","name":"Qelara Mk XIX","weapon":2,"gimbal":3,"steering":4,"thruster":3,"chassis":0,"scanner":5,"colour":2,"skewMod":0,"skew":1,"value":"0.683","weaponNormal":"0.600","thrusterNormal":"0.800","steeringNormal":"0.833","chassisNormal":"0.200","gimbalNormal":"0.667","scannerNormal":"1.000"},{"seed":"5910ac8f-a1b2-4a7c-893f-e3ab15a32ff5","name":"Vater Mk LVII","weapon":1,"gimbal":1,"steering":3,"thruster":3,"chassis":0,"scanner":5,"colour":2,"skewMod":0,"skew":1,"value":"0.567","weaponNormal":"0.400","thrusterNormal":"0.800","steeringNormal":"0.667","chassisNormal":"0.200","gimbalNormal":"0.333","scannerNormal":"1.000"},{"seed":"5910ac8f-a1b2-4a7c-893f-e3ab15a32ff5","name":"Catania v10.98","weapon":2,"gimbal":5,"steering":0,"thruster":3,"chassis":2,"scanner":0,"colour":2,"skewMod":0,"skew":1,"value":"0.556","weaponNormal":"0.600","thrusterNormal":"0.800","steeringNormal":"0.167","chassisNormal":"0.600","gimbalNormal":"1.000","scannerNormal":"0.167"},{"seed":"5910ac8f-a1b2-4a7c-893f-e3ab15a32ff5","name":"Levis","weapon":1,"gimbal":0,"steering":5,"thruster":0,"chassis":4,"scanner":2,"colour":2,"skewMod":0,"skew":1,"value":"0.544","weaponNormal":"0.400","thrusterNormal":"0.200","steeringNormal":"1.000","chassisNormal":"1.000","gimbalNormal":"0.167","scannerNormal":"0.500"},{"seed":"5910ac8f-a1b2-4a7c-893f-e3ab15a32ff5","name":"Vonerth Mk VI","weapon":1,"gimbal":0,"steering":3,"thruster":1,"chassis":2,"scanner":3,"colour":2,"skewMod":0,"skew":1,"value":"0.483","weaponNormal":"0.400","thrusterNormal":"0.400","steeringNormal":"0.667","chassisNormal":"0.600","gimbalNormal":"0.167","scannerNormal":"0.667"},{"seed":"5910ac8f-a1b2-4a7c-893f-e3ab15a32ff5","name":"Quhiri Mk LVI","weapon":0,"gimbal":3,"steering":1,"thruster":1,"chassis":0,"scanner":3,"colour":2,"skewMod":0,"skew":1,"value":"0.411","weaponNormal":"0.200","thrusterNormal":"0.400","steeringNormal":"0.333","chassisNormal":"0.200","gimbalNormal":"0.667","scannerNormal":"0.667"}]}