{"id":49,"seed":"ffcfef20-b30f-4254-a8f8-aa5b99e2b48b","leader":"Sawei","colour":0,"value":"0.807","drones":[{"seed":"ffcfef20-b30f-4254-a8f8-aa5b99e2b48b","name":"Sawei","weapon":4,"gimbal":5,"steering":4,"thruster":2,"chassis":4,"scanner":3,"colour":0,"skewMod":0,"skew":1,"value":"0.850","weaponNormal":"1.000","thrusterNormal":"0.600","steeringNormal":"0.833","chassisNormal":"1.000","gimbalNormal":"1.000","scannerNormal":"0.667"},{"seed":"ffcfef20-b30f-4254-a8f8-aa5b99e2b48b","name":"Cowei","weapon":2,"gimbal":5,"steering":5,"thruster":2,"chassis":2,"scanner":5,"colour":0,"skewMod":0,"skew":1,"value":"0.800","weaponNormal":"0.600","thrusterNormal":"0.600","steeringNormal":"1.000","chassisNormal":"0.600","gimbalNormal":"1.000","scannerNormal":"1.000"},{"seed":"ffcfef20-b30f-4254-a8f8-aa5b99e2b48b","name":"Mobos Mk XCII","weapon":4,"gimbal":4,"steering":1,"thruster":4,"chassis":4,"scanner":1,"colour":0,"skewMod":0,"skew":1,"value":"0.750","weaponNormal":"1.000","thrusterNormal":"1.000","steeringNormal":"0.333","chassisNormal":"1.000","gimbalNormal":"0.833","scannerNormal":"0.333"},{"seed":"ffcfef20-b30f-4254-a8f8-aa5b99e2b48b","name":"Satis Mk IX","weapon":2,"gimbal":3,"steering":5,"thruster":3,"chassis":0,"scanner":0,"colour":0,"skewMod":0,"skew":1,"value":"0.572","weaponNormal":"0.600","thrusterNormal":"0.800","steeringNormal":"1.000","chassisNormal":"0.200","gimbalNormal":"0.667","scannerNormal":"0.167"},{"seed":"ffcfef20-b30f-4254-a8f8-aa5b99e2b48b","name":"Potera","weapon":1,"gimbal":3,"steering":3,"thruster":1,"chassis":2,"scanner":3,"colour":0,"skewMod":0,"skew":1,"value":"0.567","weaponNormal":"0.400","thrusterNormal":"0.400","steeringNormal":"0.667","chassisNormal":"0.600","gimbalNormal":"0.667","scannerNormal":"0.667"},{"seed":"ffcfef20-b30f-4254-a8f8-aa5b99e2b48b","name":"Gunia","weapon":4,"gimbal":2,"steering":0,"thruster":1,"chassis":1,"scanner":2,"colour":0,"skewMod":0,"skew":1,"value":"0.494","weaponNormal":"1.000","thrusterNormal":"0.400","steeringNormal":"0.167","chassisNormal":"0.400","gimbalNormal":"0.500","scannerNormal":"0.500"}]}