{"id":66,"seed":"a4780158-b48e-40c6-8aed-04f1ae4e9420","leader":"Zanus Mk LXXXV","colour":5,"value":"0.681","drones":[{"seed":"a4780158-b48e-40c6-8aed-04f1ae4e9420","name":"Zanus Mk LXXXV","weapon":3,"gimbal":4,"steering":5,"thruster":2,"chassis":2,"scanner":2,"colour":5,"skewMod":0,"skew":1,"value":"0.722","weaponNormal":"0.800","thrusterNormal":"0.600","steeringNormal":"1.000","chassisNormal":"0.600","gimbalNormal":"0.833","scannerNormal":"0.500"},{"seed":"a4780158-b48e-40c6-8aed-04f1ae4e9420","name":"Wuruta","weapon":1,"gimbal":5,"steering":0,"thruster":4,"chassis":3,"scanner":3,"colour":5,"skewMod":0,"skew":1,"value":"0.672","weaponNormal":"0.400","thrusterNormal":"1.000","steeringNormal":"0.167","chassisNormal":"0.800","gimbalNormal":"1.000","scannerNormal":"0.667"},{"seed":"a4780158-b48e-40c6-8aed-04f1ae4e9420","name":"Xurilia","weapon":0,"gimbal":3,"steering":5,"thruster":0,"chassis":4,"scanner":1,"colour":5,"skewMod":0,"skew":1,"value":"0.567","weaponNormal":"0.200","thrusterNormal":"0.200","steeringNormal":"1.000","chassisNormal":"1.000","gimbalNormal":"0.667","scannerNormal":"0.333"},{"seed":"a4780158-b48e-40c6-8aed-04f1ae4e9420","name":"Wenov","weapon":2,"gimbal":2,"steering":3,"thruster":1,"chassis":0,"scanner":4,"colour":5,"skewMod":0,"skew":1,"value":"0.533","weaponNormal":"0.600","thrusterNormal":"0.400","steeringNormal":"0.667","chassisNormal":"0.200","gimbalNormal":"0.500","scannerNormal":"0.833"},{"seed":"a4780158-b48e-40c6-8aed-04f1ae4e9420","name":"Galia","weapon":1,"gimbal":1,"steering":2,"thruster":2,"chassis":4,"scanner":0,"colour":5,"skewMod":0,"skew":1,"value":"0.500","weaponNormal":"0.400","thrusterNormal":"0.600","steeringNormal":"0.500","chassisNormal":"1.000","gimbalNormal":"0.333","scannerNormal":"0.167"},{"seed":"a4780158-b48e-40c6-8aed-04f1ae4e9420","name":"Jezuno v48.81","weapon":2,"gimbal":0,"steering":0,"thruster":4,"chassis":0,"scanner":1,"colour":5,"skewMod":0,"skew":1,"value":"0.411","weaponNormal":"0.600","thrusterNormal":"1.000","steeringNormal":"0.167","chassisNormal":"0.200","gimbalNormal":"0.167","scannerNormal":"0.333"}]}