{"id":75,"seed":"f8cc6b36-41aa-4d45-b84a-2c7e179a13af","leader":"Gegantu","colour":4,"value":"0.765","drones":[{"seed":"f8cc6b36-41aa-4d45-b84a-2c7e179a13af","name":"Gegantu","weapon":2,"gimbal":5,"steering":4,"thruster":3,"chassis":2,"scanner":5,"colour":4,"skewMod":0,"skew":1,"value":"0.805","weaponNormal":"0.600","thrusterNormal":"0.800","steeringNormal":"0.833","chassisNormal":"0.600","gimbalNormal":"1.000","scannerNormal":"1.000"},{"seed":"f8cc6b36-41aa-4d45-b84a-2c7e179a13af","name":"Necarro","weapon":4,"gimbal":2,"steering":4,"thruster":4,"chassis":3,"scanner":1,"colour":4,"skewMod":0,"skew":1,"value":"0.744","weaponNormal":"1.000","thrusterNormal":"1.000","steeringNormal":"0.833","chassisNormal":"0.800","gimbalNormal":"0.500","scannerNormal":"0.333"},{"seed":"f8cc6b36-41aa-4d45-b84a-2c7e179a13af","name":"Xoria","weapon":2,"gimbal":5,"steering":2,"thruster":0,"chassis":4,"scanner":4,"colour":4,"skewMod":0,"skew":1,"value":"0.689","weaponNormal":"0.600","thrusterNormal":"0.200","steeringNormal":"0.500","chassisNormal":"1.000","gimbalNormal":"1.000","scannerNormal":"0.833"},{"seed":"f8cc6b36-41aa-4d45-b84a-2c7e179a13af","name":"Xahiri","weapon":2,"gimbal":5,"steering":2,"thruster":1,"chassis":2,"scanner":3,"colour":4,"skewMod":0,"skew":1,"value":"0.628","weaponNormal":"0.600","thrusterNormal":"0.400","steeringNormal":"0.500","chassisNormal":"0.600","gimbalNormal":"1.000","scannerNormal":"0.667"},{"seed":"f8cc6b36-41aa-4d45-b84a-2c7e179a13af","name":"Vaturn","weapon":4,"gimbal":0,"steering":3,"thruster":0,"chassis":3,"scanner":1,"colour":4,"skewMod":0,"skew":1,"value":"0.528","weaponNormal":"1.000","thrusterNormal":"0.200","steeringNormal":"0.667","chassisNormal":"0.800","gimbalNormal":"0.167","scannerNormal":"0.333"},{"seed":"f8cc6b36-41aa-4d45-b84a-2c7e179a13af","name":"Tutera","weapon":2,"gimbal":3,"steering":0,"thruster":3,"chassis":0,"scanner":0,"colour":4,"skewMod":0,"skew":1,"value":"0.433","weaponNormal":"0.600","thrusterNormal":"0.800","steeringNormal":"0.167","chassisNormal":"0.200","gimbalNormal":"0.667","scannerNormal":"0.167"}]}