{"id":14,"seed":"f4837d03-c2d4-4bab-ba4c-afcf37af36e3","leader":"Jotune","colour":5,"value":"0.752","drones":[{"seed":"f4837d03-c2d4-4bab-ba4c-afcf37af36e3","name":"Jotune","weapon":4,"gimbal":2,"steering":3,"thruster":4,"chassis":3,"scanner":2,"colour":5,"skewMod":0,"skew":1,"value":"0.744","weaponNormal":"1.000","thrusterNormal":"1.000","steeringNormal":"0.667","chassisNormal":"0.800","gimbalNormal":"0.500","scannerNormal":"0.500"},{"seed":"f4837d03-c2d4-4bab-ba4c-afcf37af36e3","name":"Tutis","weapon":1,"gimbal":4,"steering":5,"thruster":1,"chassis":1,"scanner":5,"colour":5,"skewMod":0,"skew":1,"value":"0.672","weaponNormal":"0.400","thrusterNormal":"0.400","steeringNormal":"1.000","chassisNormal":"0.400","gimbalNormal":"0.833","scannerNormal":"1.000"},{"seed":"f4837d03-c2d4-4bab-ba4c-afcf37af36e3","name":"Ienope","weapon":2,"gimbal":2,"steering":4,"thruster":1,"chassis":4,"scanner":2,"colour":5,"skewMod":0,"skew":1,"value":"0.639","weaponNormal":"0.600","thrusterNormal":"0.400","steeringNormal":"0.833","chassisNormal":"1.000","gimbalNormal":"0.500","scannerNormal":"0.500"},{"seed":"f4837d03-c2d4-4bab-ba4c-afcf37af36e3","name":"Voliv v12.33","weapon":2,"gimbal":2,"steering":2,"thruster":3,"chassis":2,"scanner":3,"colour":5,"skewMod":0,"skew":1,"value":"0.611","weaponNormal":"0.600","thrusterNormal":"0.800","steeringNormal":"0.500","chassisNormal":"0.600","gimbalNormal":"0.500","scannerNormal":"0.667"},{"seed":"f4837d03-c2d4-4bab-ba4c-afcf37af36e3","name":"Yeria","weapon":3,"gimbal":4,"steering":2,"thruster":0,"chassis":2,"scanner":2,"colour":5,"skewMod":0,"skew":1,"value":"0.572","weaponNormal":"0.800","thrusterNormal":"0.200","steeringNormal":"0.500","chassisNormal":"0.600","gimbalNormal":"0.833","scannerNormal":"0.500"},{"seed":"f4837d03-c2d4-4bab-ba4c-afcf37af36e3","name":"Ceturn","weapon":2,"gimbal":1,"steering":4,"thruster":3,"chassis":1,"scanner":0,"colour":5,"skewMod":0,"skew":1,"value":"0.522","weaponNormal":"0.600","thrusterNormal":"0.800","steeringNormal":"0.833","chassisNormal":"0.400","gimbalNormal":"0.333","scannerNormal":"0.167"}]}