{"id":77,"seed":"4cd513b1-ffa7-4b02-ba64-660af6c4ad76","leader":"Kephus Mk XLV","colour":3,"value":"0.803","drones":[{"seed":"4cd513b1-ffa7-4b02-ba64-660af6c4ad76","name":"Kephus Mk XLV","weapon":3,"gimbal":5,"steering":3,"thruster":1,"chassis":4,"scanner":4,"colour":3,"skewMod":0,"skew":1,"value":"0.783","weaponNormal":"0.800","thrusterNormal":"0.400","steeringNormal":"0.667","chassisNormal":"1.000","gimbalNormal":"1.000","scannerNormal":"0.833"},{"seed":"4cd513b1-ffa7-4b02-ba64-660af6c4ad76","name":"Moria","weapon":0,"gimbal":5,"steering":2,"thruster":4,"chassis":2,"scanner":4,"colour":3,"skewMod":0,"skew":1,"value":"0.689","weaponNormal":"0.200","thrusterNormal":"1.000","steeringNormal":"0.500","chassisNormal":"0.600","gimbalNormal":"1.000","scannerNormal":"0.833"},{"seed":"4cd513b1-ffa7-4b02-ba64-660af6c4ad76","name":"Xonov","weapon":4,"gimbal":0,"steering":1,"thruster":4,"chassis":4,"scanner":2,"colour":3,"skewMod":0,"skew":1,"value":"0.667","weaponNormal":"1.000","thrusterNormal":"1.000","steeringNormal":"0.333","chassisNormal":"1.000","gimbalNormal":"0.167","scannerNormal":"0.500"},{"seed":"4cd513b1-ffa7-4b02-ba64-660af6c4ad76","name":"Qeliv","weapon":4,"gimbal":0,"steering":3,"thruster":4,"chassis":2,"scanner":2,"colour":3,"skewMod":0,"skew":1,"value":"0.656","weaponNormal":"1.000","thrusterNormal":"1.000","steeringNormal":"0.667","chassisNormal":"0.600","gimbalNormal":"0.167","scannerNormal":"0.500"},{"seed":"4cd513b1-ffa7-4b02-ba64-660af6c4ad76","name":"Xutis v16.24","weapon":1,"gimbal":4,"steering":3,"thruster":2,"chassis":4,"scanner":1,"colour":3,"skewMod":0,"skew":1,"value":"0.639","weaponNormal":"0.400","thrusterNormal":"0.600","steeringNormal":"0.667","chassisNormal":"1.000","gimbalNormal":"0.833","scannerNormal":"0.333"},{"seed":"4cd513b1-ffa7-4b02-ba64-660af6c4ad76","name":"Ieter v47.86","weapon":3,"gimbal":1,"steering":1,"thruster":3,"chassis":1,"scanner":4,"colour":3,"skewMod":0,"skew":1,"value":"0.583","weaponNormal":"0.800","thrusterNormal":"0.800","steeringNormal":"0.333","chassisNormal":"0.400","gimbalNormal":"0.333","scannerNormal":"0.833"}]}