{"id":0,"seed":"ooU8CrAGL3ASBUMaAhfB3R9a5T3m4V6TEVVDzmiYoMmCGXwvhJo","leader":"Gaphus","colour":5,"value":"0.827","drones":[{"seed":"ooU8CrAGL3ASBUMaAhfB3R9a5T3m4V6TEVVDzmiYoMmCGXwvhJo","name":"Gaphus","weapon":4,"gimbal":3,"steering":3,"thruster":3,"chassis":1,"scanner":5,"colour":5,"skewMod":0,"skew":1,"value":"0.756","weaponNormal":"1.000","thrusterNormal":"0.800","steeringNormal":"0.667","chassisNormal":"0.400","gimbalNormal":"0.667","scannerNormal":"1.000"},{"seed":"ooU8CrAGL3ASBUMaAhfB3R9a5T3m4V6TEVVDzmiYoMmCGXwvhJo","name":"Woyama v47.20","weapon":1,"gimbal":4,"steering":4,"thruster":2,"chassis":2,"scanner":5,"colour":5,"skewMod":0,"skew":1,"value":"0.711","weaponNormal":"0.400","thrusterNormal":"0.600","steeringNormal":"0.833","chassisNormal":"0.600","gimbalNormal":"0.833","scannerNormal":"1.000"},{"seed":"ooU8CrAGL3ASBUMaAhfB3R9a5T3m4V6TEVVDzmiYoMmCGXwvhJo","name":"Samia","weapon":4,"gimbal":5,"steering":0,"thruster":3,"chassis":0,"scanner":5,"colour":5,"skewMod":0,"skew":1,"value":"0.695","weaponNormal":"1.000","thrusterNormal":"0.800","steeringNormal":"0.167","chassisNormal":"0.200","gimbalNormal":"1.000","scannerNormal":"1.000"},{"seed":"ooU8CrAGL3ASBUMaAhfB3R9a5T3m4V6TEVVDzmiYoMmCGXwvhJo","name":"Detania Mk LIV","weapon":3,"gimbal":4,"steering":1,"thruster":4,"chassis":3,"scanner":1,"colour":5,"skewMod":0,"skew":1,"value":"0.683","weaponNormal":"0.800","thrusterNormal":"1.000","steeringNormal":"0.333","chassisNormal":"0.800","gimbalNormal":"0.833","scannerNormal":"0.333"},{"seed":"ooU8CrAGL3ASBUMaAhfB3R9a5T3m4V6TEVVDzmiYoMmCGXwvhJo","name":"Meruta v45.20","weapon":0,"gimbal":5,"steering":3,"thruster":2,"chassis":2,"scanner":5,"colour":5,"skewMod":0,"skew":1,"value":"0.678","weaponNormal":"0.200","thrusterNormal":"0.600","steeringNormal":"0.667","chassisNormal":"0.600","gimbalNormal":"1.000","scannerNormal":"1.000"},{"seed":"ooU8CrAGL3ASBUMaAhfB3R9a5T3m4V6TEVVDzmiYoMmCGXwvhJo","name":"Ganov v44.95","weapon":3,"gimbal":0,"steering":4,"thruster":2,"chassis":2,"scanner":3,"colour":5,"skewMod":0,"skew":1,"value":"0.611","weaponNormal":"0.800","thrusterNormal":"0.600","steeringNormal":"0.833","chassisNormal":"0.600","gimbalNormal":"0.167","scannerNormal":"0.667"}]}