{"id":44,"seed":"ac6cf250-6fea-4bed-88b0-36946686141d","leader":"Ietis v29.91","colour":5,"value":"0.666","drones":[{"seed":"ac6cf250-6fea-4bed-88b0-36946686141d","name":"Ietis v29.91","weapon":1,"gimbal":1,"steering":5,"thruster":2,"chassis":2,"scanner":5,"colour":5,"skewMod":0,"skew":1,"value":"0.656","weaponNormal":"0.400","thrusterNormal":"0.600","steeringNormal":"1.000","chassisNormal":"0.600","gimbalNormal":"0.333","scannerNormal":"1.000"},{"seed":"ac6cf250-6fea-4bed-88b0-36946686141d","name":"Kuliv v50.99","weapon":0,"gimbal":4,"steering":4,"thruster":1,"chassis":2,"scanner":5,"colour":5,"skewMod":0,"skew":1,"value":"0.644","weaponNormal":"0.200","thrusterNormal":"0.400","steeringNormal":"0.833","chassisNormal":"0.600","gimbalNormal":"0.833","scannerNormal":"1.000"},{"seed":"ac6cf250-6fea-4bed-88b0-36946686141d","name":"Kothea","weapon":0,"gimbal":5,"steering":0,"thruster":4,"chassis":4,"scanner":2,"colour":5,"skewMod":0,"skew":1,"value":"0.644","weaponNormal":"0.200","thrusterNormal":"1.000","steeringNormal":"0.167","chassisNormal":"1.000","gimbalNormal":"1.000","scannerNormal":"0.500"},{"seed":"ac6cf250-6fea-4bed-88b0-36946686141d","name":"Yavis","weapon":1,"gimbal":2,"steering":5,"thruster":4,"chassis":0,"scanner":0,"colour":5,"skewMod":0,"skew":1,"value":"0.544","weaponNormal":"0.400","thrusterNormal":"1.000","steeringNormal":"1.000","chassisNormal":"0.200","gimbalNormal":"0.500","scannerNormal":"0.167"},{"seed":"ac6cf250-6fea-4bed-88b0-36946686141d","name":"Pegawa","weapon":0,"gimbal":4,"steering":5,"thruster":0,"chassis":0,"scanner":0,"colour":5,"skewMod":0,"skew":1,"value":"0.433","weaponNormal":"0.200","thrusterNormal":"0.200","steeringNormal":"1.000","chassisNormal":"0.200","gimbalNormal":"0.833","scannerNormal":"0.167"},{"seed":"ac6cf250-6fea-4bed-88b0-36946686141d","name":"Zoter","weapon":4,"gimbal":1,"steering":0,"thruster":2,"chassis":0,"scanner":0,"colour":5,"skewMod":0,"skew":1,"value":"0.411","weaponNormal":"1.000","thrusterNormal":"0.600","steeringNormal":"0.167","chassisNormal":"0.200","gimbalNormal":"0.333","scannerNormal":"0.167"}]}