{"id":68,"seed":"0d493d68-483b-42b6-9dff-42e2c1cd71aa","leader":"Wogawa v48.89","colour":2,"value":"0.688","drones":[{"seed":"0d493d68-483b-42b6-9dff-42e2c1cd71aa","name":"Wogawa v48.89","weapon":4,"gimbal":0,"steering":5,"thruster":0,"chassis":4,"scanner":5,"colour":2,"skewMod":0,"skew":1,"value":"0.728","weaponNormal":"1.000","thrusterNormal":"0.200","steeringNormal":"1.000","chassisNormal":"1.000","gimbalNormal":"0.167","scannerNormal":"1.000"},{"seed":"0d493d68-483b-42b6-9dff-42e2c1cd71aa","name":"Levis","weapon":2,"gimbal":4,"steering":2,"thruster":2,"chassis":0,"scanner":3,"colour":2,"skewMod":0,"skew":1,"value":"0.567","weaponNormal":"0.600","thrusterNormal":"0.600","steeringNormal":"0.500","chassisNormal":"0.200","gimbalNormal":"0.833","scannerNormal":"0.667"},{"seed":"0d493d68-483b-42b6-9dff-42e2c1cd71aa","name":"Dugawa v34.37","weapon":3,"gimbal":0,"steering":0,"thruster":2,"chassis":2,"scanner":5,"colour":2,"skewMod":0,"skew":1,"value":"0.556","weaponNormal":"0.800","thrusterNormal":"0.600","steeringNormal":"0.167","chassisNormal":"0.600","gimbalNormal":"0.167","scannerNormal":"1.000"},{"seed":"0d493d68-483b-42b6-9dff-42e2c1cd71aa","name":"Yerilia Mk XCI","weapon":3,"gimbal":2,"steering":3,"thruster":3,"chassis":0,"scanner":1,"colour":2,"skewMod":0,"skew":1,"value":"0.550","weaponNormal":"0.800","thrusterNormal":"0.800","steeringNormal":"0.667","chassisNormal":"0.200","gimbalNormal":"0.500","scannerNormal":"0.333"},{"seed":"0d493d68-483b-42b6-9dff-42e2c1cd71aa","name":"Noter Mk LXXXVII","weapon":0,"gimbal":1,"steering":1,"thruster":4,"chassis":4,"scanner":1,"colour":2,"skewMod":0,"skew":1,"value":"0.533","weaponNormal":"0.200","thrusterNormal":"1.000","steeringNormal":"0.333","chassisNormal":"1.000","gimbalNormal":"0.333","scannerNormal":"0.333"},{"seed":"0d493d68-483b-42b6-9dff-42e2c1cd71aa","name":"Nazuno","weapon":2,"gimbal":4,"steering":3,"thruster":1,"chassis":0,"scanner":1,"colour":2,"skewMod":0,"skew":1,"value":"0.506","weaponNormal":"0.600","thrusterNormal":"0.400","steeringNormal":"0.667","chassisNormal":"0.200","gimbalNormal":"0.833","scannerNormal":"0.333"}]}