{"id":76,"seed":"7f15f8e9-47a2-4cf1-a0e3-e2dcbb2b8e00","leader":"Feter Mk XX","colour":1,"value":"0.797","drones":[{"seed":"7f15f8e9-47a2-4cf1-a0e3-e2dcbb2b8e00","name":"Feter Mk XX","weapon":3,"gimbal":4,"steering":2,"thruster":3,"chassis":4,"scanner":4,"colour":1,"skewMod":0,"skew":1,"value":"0.794","weaponNormal":"0.800","thrusterNormal":"0.800","steeringNormal":"0.500","chassisNormal":"1.000","gimbalNormal":"0.833","scannerNormal":"0.833"},{"seed":"7f15f8e9-47a2-4cf1-a0e3-e2dcbb2b8e00","name":"Qeruta","weapon":4,"gimbal":1,"steering":2,"thruster":4,"chassis":2,"scanner":5,"colour":1,"skewMod":0,"skew":1,"value":"0.739","weaponNormal":"1.000","thrusterNormal":"1.000","steeringNormal":"0.500","chassisNormal":"0.600","gimbalNormal":"0.333","scannerNormal":"1.000"},{"seed":"7f15f8e9-47a2-4cf1-a0e3-e2dcbb2b8e00","name":"Rulia","weapon":2,"gimbal":4,"steering":5,"thruster":4,"chassis":0,"scanner":3,"colour":1,"skewMod":0,"skew":1,"value":"0.717","weaponNormal":"0.600","thrusterNormal":"1.000","steeringNormal":"1.000","chassisNormal":"0.200","gimbalNormal":"0.833","scannerNormal":"0.667"},{"seed":"7f15f8e9-47a2-4cf1-a0e3-e2dcbb2b8e00","name":"Favis v21.18","weapon":2,"gimbal":5,"steering":3,"thruster":4,"chassis":3,"scanner":0,"colour":1,"skewMod":0,"skew":1,"value":"0.706","weaponNormal":"0.600","thrusterNormal":"1.000","steeringNormal":"0.667","chassisNormal":"0.800","gimbalNormal":"1.000","scannerNormal":"0.167"},{"seed":"7f15f8e9-47a2-4cf1-a0e3-e2dcbb2b8e00","name":"Lanov","weapon":4,"gimbal":3,"steering":0,"thruster":2,"chassis":0,"scanner":4,"colour":1,"skewMod":0,"skew":1,"value":"0.578","weaponNormal":"1.000","thrusterNormal":"0.600","steeringNormal":"0.167","chassisNormal":"0.200","gimbalNormal":"0.667","scannerNormal":"0.833"},{"seed":"7f15f8e9-47a2-4cf1-a0e3-e2dcbb2b8e00","name":"Haruta","weapon":2,"gimbal":3,"steering":1,"thruster":1,"chassis":0,"scanner":2,"colour":1,"skewMod":0,"skew":1,"value":"0.450","weaponNormal":"0.600","thrusterNormal":"0.400","steeringNormal":"0.333","chassisNormal":"0.200","gimbalNormal":"0.667","scannerNormal":"0.500"}]}