{"id":55,"seed":"0b83cef3-6834-430f-85fe-d251ef7fa28b","leader":"Xuliv","colour":3,"value":"0.682","drones":[{"seed":"0b83cef3-6834-430f-85fe-d251ef7fa28b","name":"Xuliv","weapon":4,"gimbal":3,"steering":5,"thruster":1,"chassis":4,"scanner":0,"colour":3,"skewMod":0,"skew":1,"value":"0.706","weaponNormal":"1.000","thrusterNormal":"0.400","steeringNormal":"1.000","chassisNormal":"1.000","gimbalNormal":"0.667","scannerNormal":"0.167"},{"seed":"0b83cef3-6834-430f-85fe-d251ef7fa28b","name":"Juliv","weapon":4,"gimbal":5,"steering":0,"thruster":3,"chassis":0,"scanner":5,"colour":3,"skewMod":0,"skew":1,"value":"0.695","weaponNormal":"1.000","thrusterNormal":"0.800","steeringNormal":"0.167","chassisNormal":"0.200","gimbalNormal":"1.000","scannerNormal":"1.000"},{"seed":"0b83cef3-6834-430f-85fe-d251ef7fa28b","name":"Sehines","weapon":3,"gimbal":5,"steering":1,"thruster":1,"chassis":2,"scanner":4,"colour":3,"skewMod":0,"skew":1,"value":"0.661","weaponNormal":"0.800","thrusterNormal":"0.400","steeringNormal":"0.333","chassisNormal":"0.600","gimbalNormal":"1.000","scannerNormal":"0.833"},{"seed":"0b83cef3-6834-430f-85fe-d251ef7fa28b","name":"Qoyama","weapon":4,"gimbal":4,"steering":0,"thruster":0,"chassis":0,"scanner":2,"colour":3,"skewMod":0,"skew":1,"value":"0.483","weaponNormal":"1.000","thrusterNormal":"0.200","steeringNormal":"0.167","chassisNormal":"0.200","gimbalNormal":"0.833","scannerNormal":"0.500"},{"seed":"0b83cef3-6834-430f-85fe-d251ef7fa28b","name":"Vothea","weapon":0,"gimbal":1,"steering":1,"thruster":4,"chassis":2,"scanner":0,"colour":3,"skewMod":0,"skew":1,"value":"0.439","weaponNormal":"0.200","thrusterNormal":"1.000","steeringNormal":"0.333","chassisNormal":"0.600","gimbalNormal":"0.333","scannerNormal":"0.167"},{"seed":"0b83cef3-6834-430f-85fe-d251ef7fa28b","name":"Keclite","weapon":0,"gimbal":4,"steering":0,"thruster":3,"chassis":1,"scanner":0,"colour":3,"skewMod":0,"skew":1,"value":"0.428","weaponNormal":"0.200","thrusterNormal":"0.800","steeringNormal":"0.167","chassisNormal":"0.400","gimbalNormal":"0.833","scannerNormal":"0.167"}]}