{"id":11,"seed":"10f4854f-1dab-45b6-9017-ad5e38f8665f","leader":"Kunerth","colour":3,"value":"0.670","drones":[{"seed":"10f4854f-1dab-45b6-9017-ad5e38f8665f","name":"Kunerth","weapon":1,"gimbal":2,"steering":0,"thruster":4,"chassis":4,"scanner":4,"colour":3,"skewMod":0,"skew":1,"value":"0.650","weaponNormal":"0.400","thrusterNormal":"1.000","steeringNormal":"0.167","chassisNormal":"1.000","gimbalNormal":"0.500","scannerNormal":"0.833"},{"seed":"10f4854f-1dab-45b6-9017-ad5e38f8665f","name":"Ioria","weapon":3,"gimbal":0,"steering":5,"thruster":2,"chassis":0,"scanner":5,"colour":3,"skewMod":0,"skew":1,"value":"0.628","weaponNormal":"0.800","thrusterNormal":"0.600","steeringNormal":"1.000","chassisNormal":"0.200","gimbalNormal":"0.167","scannerNormal":"1.000"},{"seed":"10f4854f-1dab-45b6-9017-ad5e38f8665f","name":"Xalia","weapon":0,"gimbal":1,"steering":3,"thruster":3,"chassis":2,"scanner":3,"colour":3,"skewMod":0,"skew":1,"value":"0.545","weaponNormal":"0.200","thrusterNormal":"0.800","steeringNormal":"0.667","chassisNormal":"0.600","gimbalNormal":"0.333","scannerNormal":"0.667"},{"seed":"10f4854f-1dab-45b6-9017-ad5e38f8665f","name":"Qunides","weapon":0,"gimbal":0,"steering":4,"thruster":3,"chassis":3,"scanner":1,"colour":3,"skewMod":0,"skew":1,"value":"0.522","weaponNormal":"0.200","thrusterNormal":"0.800","steeringNormal":"0.833","chassisNormal":"0.800","gimbalNormal":"0.167","scannerNormal":"0.333"},{"seed":"10f4854f-1dab-45b6-9017-ad5e38f8665f","name":"Keter Mk LII","weapon":4,"gimbal":2,"steering":1,"thruster":1,"chassis":0,"scanner":3,"colour":3,"skewMod":0,"skew":1,"value":"0.517","weaponNormal":"1.000","thrusterNormal":"0.400","steeringNormal":"0.333","chassisNormal":"0.200","gimbalNormal":"0.500","scannerNormal":"0.667"},{"seed":"10f4854f-1dab-45b6-9017-ad5e38f8665f","name":"Nolara","weapon":1,"gimbal":5,"steering":0,"thruster":3,"chassis":1,"scanner":0,"colour":3,"skewMod":0,"skew":1,"value":"0.489","weaponNormal":"0.400","thrusterNormal":"0.800","steeringNormal":"0.167","chassisNormal":"0.400","gimbalNormal":"1.000","scannerNormal":"0.167"}]}