{"id":47,"seed":"bf57f769-6232-4005-9110-796d0dd119a1","leader":"Balara","colour":3,"value":"0.640","drones":[{"seed":"bf57f769-6232-4005-9110-796d0dd119a1","name":"Balara","weapon":4,"gimbal":3,"steering":2,"thruster":1,"chassis":2,"scanner":5,"colour":3,"skewMod":0,"skew":1,"value":"0.695","weaponNormal":"1.000","thrusterNormal":"0.400","steeringNormal":"0.500","chassisNormal":"0.600","gimbalNormal":"0.667","scannerNormal":"1.000"},{"seed":"bf57f769-6232-4005-9110-796d0dd119a1","name":"Bovis","weapon":4,"gimbal":5,"steering":1,"thruster":3,"chassis":1,"scanner":2,"colour":3,"skewMod":0,"skew":1,"value":"0.672","weaponNormal":"1.000","thrusterNormal":"0.800","steeringNormal":"0.333","chassisNormal":"0.400","gimbalNormal":"1.000","scannerNormal":"0.500"},{"seed":"bf57f769-6232-4005-9110-796d0dd119a1","name":"Qenus Mk XXV","weapon":1,"gimbal":2,"steering":0,"thruster":3,"chassis":4,"scanner":2,"colour":3,"skewMod":0,"skew":1,"value":"0.561","weaponNormal":"0.400","thrusterNormal":"0.800","steeringNormal":"0.167","chassisNormal":"1.000","gimbalNormal":"0.500","scannerNormal":"0.500"},{"seed":"bf57f769-6232-4005-9110-796d0dd119a1","name":"Mothea","weapon":2,"gimbal":0,"steering":3,"thruster":3,"chassis":2,"scanner":1,"colour":3,"skewMod":0,"skew":1,"value":"0.528","weaponNormal":"0.600","thrusterNormal":"0.800","steeringNormal":"0.667","chassisNormal":"0.600","gimbalNormal":"0.167","scannerNormal":"0.333"},{"seed":"bf57f769-6232-4005-9110-796d0dd119a1","name":"Doter","weapon":0,"gimbal":4,"steering":2,"thruster":1,"chassis":0,"scanner":0,"colour":3,"skewMod":0,"skew":1,"value":"0.383","weaponNormal":"0.200","thrusterNormal":"0.400","steeringNormal":"0.500","chassisNormal":"0.200","gimbalNormal":"0.833","scannerNormal":"0.167"},{"seed":"bf57f769-6232-4005-9110-796d0dd119a1","name":"Soclite v3.10","weapon":0,"gimbal":2,"steering":0,"thruster":0,"chassis":2,"scanner":2,"colour":3,"skewMod":0,"skew":1,"value":"0.361","weaponNormal":"0.200","thrusterNormal":"0.200","steeringNormal":"0.167","chassisNormal":"0.600","gimbalNormal":"0.500","scannerNormal":"0.500"}]}