{"id":91,"seed":"4511a875-11df-4be7-aa0e-1be80b498425","leader":"Fustea","colour":5,"value":"0.660","drones":[{"seed":"4511a875-11df-4be7-aa0e-1be80b498425","name":"Fustea","weapon":1,"gimbal":2,"steering":3,"thruster":2,"chassis":3,"scanner":5,"colour":5,"skewMod":0,"skew":1,"value":"0.661","weaponNormal":"0.400","thrusterNormal":"0.600","steeringNormal":"0.667","chassisNormal":"0.800","gimbalNormal":"0.500","scannerNormal":"1.000"},{"seed":"4511a875-11df-4be7-aa0e-1be80b498425","name":"Tewei","weapon":4,"gimbal":1,"steering":1,"thruster":0,"chassis":3,"scanner":5,"colour":5,"skewMod":0,"skew":1,"value":"0.611","weaponNormal":"1.000","thrusterNormal":"0.200","steeringNormal":"0.333","chassisNormal":"0.800","gimbalNormal":"0.333","scannerNormal":"1.000"},{"seed":"4511a875-11df-4be7-aa0e-1be80b498425","name":"Hucury Mk LII","weapon":2,"gimbal":2,"steering":3,"thruster":1,"chassis":4,"scanner":1,"colour":5,"skewMod":0,"skew":1,"value":"0.583","weaponNormal":"0.600","thrusterNormal":"0.400","steeringNormal":"0.667","chassisNormal":"1.000","gimbalNormal":"0.500","scannerNormal":"0.333"},{"seed":"4511a875-11df-4be7-aa0e-1be80b498425","name":"Ionov","weapon":2,"gimbal":3,"steering":0,"thruster":4,"chassis":3,"scanner":0,"colour":5,"skewMod":0,"skew":1,"value":"0.567","weaponNormal":"0.600","thrusterNormal":"1.000","steeringNormal":"0.167","chassisNormal":"0.800","gimbalNormal":"0.667","scannerNormal":"0.167"},{"seed":"4511a875-11df-4be7-aa0e-1be80b498425","name":"Homia Mk LXVI","weapon":1,"gimbal":1,"steering":1,"thruster":3,"chassis":1,"scanner":5,"colour":5,"skewMod":0,"skew":1,"value":"0.544","weaponNormal":"0.400","thrusterNormal":"0.800","steeringNormal":"0.333","chassisNormal":"0.400","gimbalNormal":"0.333","scannerNormal":"1.000"},{"seed":"4511a875-11df-4be7-aa0e-1be80b498425","name":"Generth","weapon":1,"gimbal":2,"steering":1,"thruster":0,"chassis":1,"scanner":0,"colour":5,"skewMod":0,"skew":1,"value":"0.333","weaponNormal":"0.400","thrusterNormal":"0.200","steeringNormal":"0.333","chassisNormal":"0.400","gimbalNormal":"0.500","scannerNormal":"0.167"}]}