{"id":3,"seed":"6199c2aa-0dba-43e6-9f07-fc1f67e744cc","leader":"Bazuno v28.6","colour":1,"value":"0.818","drones":[{"seed":"6199c2aa-0dba-43e6-9f07-fc1f67e744cc","name":"Bazuno v28.6","weapon":4,"gimbal":5,"steering":5,"thruster":2,"chassis":4,"scanner":4,"colour":1,"skewMod":0,"skew":1,"value":"0.905","weaponNormal":"1.000","thrusterNormal":"0.600","steeringNormal":"1.000","chassisNormal":"1.000","gimbalNormal":"1.000","scannerNormal":"0.833"},{"seed":"6199c2aa-0dba-43e6-9f07-fc1f67e744cc","name":"Jerus","weapon":3,"gimbal":4,"steering":2,"thruster":3,"chassis":2,"scanner":4,"colour":1,"skewMod":0,"skew":1,"value":"0.728","weaponNormal":"0.800","thrusterNormal":"0.800","steeringNormal":"0.500","chassisNormal":"0.600","gimbalNormal":"0.833","scannerNormal":"0.833"},{"seed":"6199c2aa-0dba-43e6-9f07-fc1f67e744cc","name":"Dezuno","weapon":1,"gimbal":3,"steering":5,"thruster":4,"chassis":3,"scanner":1,"colour":1,"skewMod":0,"skew":1,"value":"0.700","weaponNormal":"0.400","thrusterNormal":"1.000","steeringNormal":"1.000","chassisNormal":"0.800","gimbalNormal":"0.667","scannerNormal":"0.333"},{"seed":"6199c2aa-0dba-43e6-9f07-fc1f67e744cc","name":"Yulea","weapon":0,"gimbal":5,"steering":3,"thruster":0,"chassis":3,"scanner":4,"colour":1,"skewMod":0,"skew":1,"value":"0.617","weaponNormal":"0.200","thrusterNormal":"0.200","steeringNormal":"0.667","chassisNormal":"0.800","gimbalNormal":"1.000","scannerNormal":"0.833"},{"seed":"6199c2aa-0dba-43e6-9f07-fc1f67e744cc","name":"Tustea v27.10","weapon":4,"gimbal":5,"steering":0,"thruster":0,"chassis":3,"scanner":2,"colour":1,"skewMod":0,"skew":1,"value":"0.611","weaponNormal":"1.000","thrusterNormal":"0.200","steeringNormal":"0.167","chassisNormal":"0.800","gimbalNormal":"1.000","scannerNormal":"0.500"},{"seed":"6199c2aa-0dba-43e6-9f07-fc1f67e744cc","name":"Caruta","weapon":0,"gimbal":4,"steering":2,"thruster":2,"chassis":0,"scanner":4,"colour":1,"skewMod":0,"skew":1,"value":"0.528","weaponNormal":"0.200","thrusterNormal":"0.600","steeringNormal":"0.500","chassisNormal":"0.200","gimbalNormal":"0.833","scannerNormal":"0.833"}]}