{"id":99,"seed":"d24640be-82d4-4606-b593-57d28c2686db","leader":"Bathea","colour":1,"value":"0.591","drones":[{"seed":"d24640be-82d4-4606-b593-57d28c2686db","name":"Bathea","weapon":1,"gimbal":2,"steering":3,"thruster":2,"chassis":3,"scanner":3,"colour":1,"skewMod":0,"skew":1,"value":"0.606","weaponNormal":"0.400","thrusterNormal":"0.600","steeringNormal":"0.667","chassisNormal":"0.800","gimbalNormal":"0.500","scannerNormal":"0.667"},{"seed":"d24640be-82d4-4606-b593-57d28c2686db","name":"Canus","weapon":0,"gimbal":1,"steering":2,"thruster":4,"chassis":2,"scanner":3,"colour":1,"skewMod":0,"skew":1,"value":"0.550","weaponNormal":"0.200","thrusterNormal":"1.000","steeringNormal":"0.500","chassisNormal":"0.600","gimbalNormal":"0.333","scannerNormal":"0.667"},{"seed":"d24640be-82d4-4606-b593-57d28c2686db","name":"Weter","weapon":1,"gimbal":1,"steering":2,"thruster":3,"chassis":0,"scanner":3,"colour":1,"skewMod":0,"skew":1,"value":"0.483","weaponNormal":"0.400","thrusterNormal":"0.800","steeringNormal":"0.500","chassisNormal":"0.200","gimbalNormal":"0.333","scannerNormal":"0.667"},{"seed":"d24640be-82d4-4606-b593-57d28c2686db","name":"Hunerth","weapon":1,"gimbal":4,"steering":0,"thruster":1,"chassis":2,"scanner":1,"colour":1,"skewMod":0,"skew":1,"value":"0.456","weaponNormal":"0.400","thrusterNormal":"0.400","steeringNormal":"0.167","chassisNormal":"0.600","gimbalNormal":"0.833","scannerNormal":"0.333"},{"seed":"d24640be-82d4-4606-b593-57d28c2686db","name":"Cerilia","weapon":3,"gimbal":0,"steering":2,"thruster":1,"chassis":1,"scanner":1,"colour":1,"skewMod":0,"skew":1,"value":"0.433","weaponNormal":"0.800","thrusterNormal":"0.400","steeringNormal":"0.500","chassisNormal":"0.400","gimbalNormal":"0.167","scannerNormal":"0.333"},{"seed":"d24640be-82d4-4606-b593-57d28c2686db","name":"Yacury","weapon":2,"gimbal":0,"steering":1,"thruster":1,"chassis":1,"scanner":3,"colour":1,"skewMod":0,"skew":1,"value":"0.428","weaponNormal":"0.600","thrusterNormal":"0.400","steeringNormal":"0.333","chassisNormal":"0.400","gimbalNormal":"0.167","scannerNormal":"0.667"}]}