{"id":85,"seed":"74009c5f-5147-4e93-ac52-af89ce7ebf1a","leader":"Nunus","colour":0,"value":"0.694","drones":[{"seed":"74009c5f-5147-4e93-ac52-af89ce7ebf1a","name":"Nunus","weapon":3,"gimbal":5,"steering":4,"thruster":3,"chassis":3,"scanner":4,"colour":0,"skewMod":0,"skew":1,"value":"0.844","weaponNormal":"0.800","thrusterNormal":"0.800","steeringNormal":"0.833","chassisNormal":"0.800","gimbalNormal":"1.000","scannerNormal":"0.833"},{"seed":"74009c5f-5147-4e93-ac52-af89ce7ebf1a","name":"Culiv","weapon":3,"gimbal":3,"steering":0,"thruster":3,"chassis":4,"scanner":3,"colour":0,"skewMod":0,"skew":1,"value":"0.683","weaponNormal":"0.800","thrusterNormal":"0.800","steeringNormal":"0.167","chassisNormal":"1.000","gimbalNormal":"0.667","scannerNormal":"0.667"},{"seed":"74009c5f-5147-4e93-ac52-af89ce7ebf1a","name":"Tacury","weapon":2,"gimbal":4,"steering":5,"thruster":3,"chassis":1,"scanner":0,"colour":0,"skewMod":0,"skew":1,"value":"0.633","weaponNormal":"0.600","thrusterNormal":"0.800","steeringNormal":"1.000","chassisNormal":"0.400","gimbalNormal":"0.833","scannerNormal":"0.167"},{"seed":"74009c5f-5147-4e93-ac52-af89ce7ebf1a","name":"Hohiri Mk LXXVIII","weapon":3,"gimbal":3,"steering":3,"thruster":0,"chassis":0,"scanner":0,"colour":0,"skewMod":0,"skew":1,"value":"0.450","weaponNormal":"0.800","thrusterNormal":"0.200","steeringNormal":"0.667","chassisNormal":"0.200","gimbalNormal":"0.667","scannerNormal":"0.167"},{"seed":"74009c5f-5147-4e93-ac52-af89ce7ebf1a","name":"Betania Mk LVII","weapon":0,"gimbal":2,"steering":2,"thruster":0,"chassis":1,"scanner":4,"colour":0,"skewMod":0,"skew":1,"value":"0.439","weaponNormal":"0.200","thrusterNormal":"0.200","steeringNormal":"0.500","chassisNormal":"0.400","gimbalNormal":"0.500","scannerNormal":"0.833"},{"seed":"74009c5f-5147-4e93-ac52-af89ce7ebf1a","name":"Soter Mk XI","weapon":0,"gimbal":1,"steering":1,"thruster":0,"chassis":3,"scanner":3,"colour":0,"skewMod":0,"skew":1,"value":"0.422","weaponNormal":"0.200","thrusterNormal":"0.200","steeringNormal":"0.333","chassisNormal":"0.800","gimbalNormal":"0.333","scannerNormal":"0.667"}]}