{"id":97,"seed":"c41f304a-f47d-461e-9b35-f24ecc4c0c18","leader":"Tarus Mk LXXVIII","colour":1,"value":"0.821","drones":[{"seed":"c41f304a-f47d-461e-9b35-f24ecc4c0c18","name":"Tarus Mk LXXVIII","weapon":4,"gimbal":4,"steering":3,"thruster":4,"chassis":4,"scanner":3,"colour":1,"skewMod":0,"skew":1,"value":"0.861","weaponNormal":"1.000","thrusterNormal":"1.000","steeringNormal":"0.667","chassisNormal":"1.000","gimbalNormal":"0.833","scannerNormal":"0.667"},{"seed":"c41f304a-f47d-461e-9b35-f24ecc4c0c18","name":"Mepra","weapon":2,"gimbal":3,"steering":1,"thruster":4,"chassis":4,"scanner":4,"colour":1,"skewMod":0,"skew":1,"value":"0.739","weaponNormal":"0.600","thrusterNormal":"1.000","steeringNormal":"0.333","chassisNormal":"1.000","gimbalNormal":"0.667","scannerNormal":"0.833"},{"seed":"c41f304a-f47d-461e-9b35-f24ecc4c0c18","name":"Xutis","weapon":2,"gimbal":0,"steering":3,"thruster":4,"chassis":3,"scanner":5,"colour":1,"skewMod":0,"skew":1,"value":"0.706","weaponNormal":"0.600","thrusterNormal":"1.000","steeringNormal":"0.667","chassisNormal":"0.800","gimbalNormal":"0.167","scannerNormal":"1.000"},{"seed":"c41f304a-f47d-461e-9b35-f24ecc4c0c18","name":"Nunides","weapon":3,"gimbal":3,"steering":5,"thruster":4,"chassis":1,"scanner":0,"colour":1,"skewMod":0,"skew":1,"value":"0.672","weaponNormal":"0.800","thrusterNormal":"1.000","steeringNormal":"1.000","chassisNormal":"0.400","gimbalNormal":"0.667","scannerNormal":"0.167"},{"seed":"c41f304a-f47d-461e-9b35-f24ecc4c0c18","name":"Mocarro","weapon":1,"gimbal":4,"steering":5,"thruster":1,"chassis":3,"scanner":0,"colour":1,"skewMod":0,"skew":1,"value":"0.600","weaponNormal":"0.400","thrusterNormal":"0.400","steeringNormal":"1.000","chassisNormal":"0.800","gimbalNormal":"0.833","scannerNormal":"0.167"},{"seed":"c41f304a-f47d-461e-9b35-f24ecc4c0c18","name":"Mehines","weapon":4,"gimbal":0,"steering":0,"thruster":0,"chassis":3,"scanner":4,"colour":1,"skewMod":0,"skew":1,"value":"0.528","weaponNormal":"1.000","thrusterNormal":"0.200","steeringNormal":"0.167","chassisNormal":"0.800","gimbalNormal":"0.167","scannerNormal":"0.833"}]}