{"id":90,"seed":"05abf4de-a8ef-482a-8fda-349617945ffc","leader":"Qecury","colour":2,"value":"0.814","drones":[{"seed":"05abf4de-a8ef-482a-8fda-349617945ffc","name":"Qecury","weapon":4,"gimbal":2,"steering":4,"thruster":3,"chassis":4,"scanner":5,"colour":2,"skewMod":0,"skew":1,"value":"0.856","weaponNormal":"1.000","thrusterNormal":"0.800","steeringNormal":"0.833","chassisNormal":"1.000","gimbalNormal":"0.500","scannerNormal":"1.000"},{"seed":"05abf4de-a8ef-482a-8fda-349617945ffc","name":"Necarro Mk XIX","weapon":4,"gimbal":5,"steering":4,"thruster":0,"chassis":4,"scanner":4,"colour":2,"skewMod":0,"skew":1,"value":"0.811","weaponNormal":"1.000","thrusterNormal":"0.200","steeringNormal":"0.833","chassisNormal":"1.000","gimbalNormal":"1.000","scannerNormal":"0.833"},{"seed":"05abf4de-a8ef-482a-8fda-349617945ffc","name":"Gaturn","weapon":4,"gimbal":5,"steering":5,"thruster":1,"chassis":0,"scanner":4,"colour":2,"skewMod":0,"skew":1,"value":"0.739","weaponNormal":"1.000","thrusterNormal":"0.400","steeringNormal":"1.000","chassisNormal":"0.200","gimbalNormal":"1.000","scannerNormal":"0.833"},{"seed":"05abf4de-a8ef-482a-8fda-349617945ffc","name":"Daruta","weapon":2,"gimbal":4,"steering":0,"thruster":4,"chassis":1,"scanner":3,"colour":2,"skewMod":0,"skew":1,"value":"0.611","weaponNormal":"0.600","thrusterNormal":"1.000","steeringNormal":"0.167","chassisNormal":"0.400","gimbalNormal":"0.833","scannerNormal":"0.667"},{"seed":"05abf4de-a8ef-482a-8fda-349617945ffc","name":"Votune","weapon":1,"gimbal":4,"steering":4,"thruster":0,"chassis":3,"scanner":2,"colour":2,"skewMod":0,"skew":1,"value":"0.594","weaponNormal":"0.400","thrusterNormal":"0.200","steeringNormal":"0.833","chassisNormal":"0.800","gimbalNormal":"0.833","scannerNormal":"0.500"},{"seed":"05abf4de-a8ef-482a-8fda-349617945ffc","name":"Duturn","weapon":0,"gimbal":1,"steering":0,"thruster":1,"chassis":4,"scanner":3,"colour":2,"skewMod":0,"skew":1,"value":"0.461","weaponNormal":"0.200","thrusterNormal":"0.400","steeringNormal":"0.167","chassisNormal":"1.000","gimbalNormal":"0.333","scannerNormal":"0.667"}]}