{"id":88,"seed":"15fa4859-1c49-4916-81f6-839aa79c0c8f","leader":"Hutis","colour":4,"value":"0.686","drones":[{"seed":"15fa4859-1c49-4916-81f6-839aa79c0c8f","name":"Hutis","weapon":1,"gimbal":4,"steering":4,"thruster":3,"chassis":1,"scanner":4,"colour":4,"skewMod":0,"skew":1,"value":"0.683","weaponNormal":"0.400","thrusterNormal":"0.800","steeringNormal":"0.833","chassisNormal":"0.400","gimbalNormal":"0.833","scannerNormal":"0.833"},{"seed":"15fa4859-1c49-4916-81f6-839aa79c0c8f","name":"Konov","weapon":3,"gimbal":5,"steering":4,"thruster":0,"chassis":0,"scanner":3,"colour":4,"skewMod":0,"skew":1,"value":"0.617","weaponNormal":"0.800","thrusterNormal":"0.200","steeringNormal":"0.833","chassisNormal":"0.200","gimbalNormal":"1.000","scannerNormal":"0.667"},{"seed":"15fa4859-1c49-4916-81f6-839aa79c0c8f","name":"Palia","weapon":1,"gimbal":5,"steering":0,"thruster":2,"chassis":4,"scanner":0,"colour":4,"skewMod":0,"skew":1,"value":"0.556","weaponNormal":"0.400","thrusterNormal":"0.600","steeringNormal":"0.167","chassisNormal":"1.000","gimbalNormal":"1.000","scannerNormal":"0.167"},{"seed":"15fa4859-1c49-4916-81f6-839aa79c0c8f","name":"Babos Mk XCVII","weapon":2,"gimbal":1,"steering":2,"thruster":1,"chassis":4,"scanner":2,"colour":4,"skewMod":0,"skew":1,"value":"0.555","weaponNormal":"0.600","thrusterNormal":"0.400","steeringNormal":"0.500","chassisNormal":"1.000","gimbalNormal":"0.333","scannerNormal":"0.500"},{"seed":"15fa4859-1c49-4916-81f6-839aa79c0c8f","name":"Boter","weapon":1,"gimbal":3,"steering":3,"thruster":1,"chassis":3,"scanner":0,"colour":4,"skewMod":0,"skew":1,"value":"0.517","weaponNormal":"0.400","thrusterNormal":"0.400","steeringNormal":"0.667","chassisNormal":"0.800","gimbalNormal":"0.667","scannerNormal":"0.167"},{"seed":"15fa4859-1c49-4916-81f6-839aa79c0c8f","name":"Jovis","weapon":3,"gimbal":0,"steering":1,"thruster":2,"chassis":2,"scanner":2,"colour":4,"skewMod":0,"skew":1,"value":"0.500","weaponNormal":"0.800","thrusterNormal":"0.600","steeringNormal":"0.333","chassisNormal":"0.600","gimbalNormal":"0.167","scannerNormal":"0.500"}]}