{"id":6,"seed":"f59bc0d9-a8d8-49a9-9857-0975a4036dad","leader":"Mebos v47.59","colour":3,"value":"0.701","drones":[{"seed":"f59bc0d9-a8d8-49a9-9857-0975a4036dad","name":"Mebos v47.59","weapon":4,"gimbal":3,"steering":5,"thruster":4,"chassis":4,"scanner":1,"colour":3,"skewMod":0,"skew":1,"value":"0.833","weaponNormal":"1.000","thrusterNormal":"1.000","steeringNormal":"1.000","chassisNormal":"1.000","gimbalNormal":"0.667","scannerNormal":"0.333"},{"seed":"f59bc0d9-a8d8-49a9-9857-0975a4036dad","name":"Zatune","weapon":3,"gimbal":4,"steering":4,"thruster":0,"chassis":3,"scanner":0,"colour":3,"skewMod":0,"skew":1,"value":"0.606","weaponNormal":"0.800","thrusterNormal":"0.200","steeringNormal":"0.833","chassisNormal":"0.800","gimbalNormal":"0.833","scannerNormal":"0.167"},{"seed":"f59bc0d9-a8d8-49a9-9857-0975a4036dad","name":"Foyama","weapon":3,"gimbal":2,"steering":2,"thruster":3,"chassis":1,"scanner":2,"colour":3,"skewMod":0,"skew":1,"value":"0.583","weaponNormal":"0.800","thrusterNormal":"0.800","steeringNormal":"0.500","chassisNormal":"0.400","gimbalNormal":"0.500","scannerNormal":"0.500"},{"seed":"f59bc0d9-a8d8-49a9-9857-0975a4036dad","name":"Renia","weapon":3,"gimbal":4,"steering":2,"thruster":2,"chassis":1,"scanner":0,"colour":3,"skewMod":0,"skew":1,"value":"0.550","weaponNormal":"0.800","thrusterNormal":"0.600","steeringNormal":"0.500","chassisNormal":"0.400","gimbalNormal":"0.833","scannerNormal":"0.167"},{"seed":"f59bc0d9-a8d8-49a9-9857-0975a4036dad","name":"Zetune","weapon":1,"gimbal":2,"steering":2,"thruster":3,"chassis":1,"scanner":2,"colour":3,"skewMod":0,"skew":1,"value":"0.517","weaponNormal":"0.400","thrusterNormal":"0.800","steeringNormal":"0.500","chassisNormal":"0.400","gimbalNormal":"0.500","scannerNormal":"0.500"},{"seed":"f59bc0d9-a8d8-49a9-9857-0975a4036dad","name":"Boria","weapon":0,"gimbal":2,"steering":2,"thruster":2,"chassis":0,"scanner":2,"colour":3,"skewMod":0,"skew":1,"value":"0.417","weaponNormal":"0.200","thrusterNormal":"0.600","steeringNormal":"0.500","chassisNormal":"0.200","gimbalNormal":"0.500","scannerNormal":"0.500"}]}